Stock Quotes for COTY,,,,,,
Date,Open,High,Low,Close,Adj Close,Volume
2013-06-13,17.5,17.52,16.9,17.360001,15.944267,46263100
2013-06-14,17.450001,17.549999,17.200001,17.52,16.091223,9049500
2013-06-17,17.610001,17.65,17.309999,17.389999,15.971822,5489500
2013-06-18,17.389999,17.42,17.16,17.299999,15.889161,6717200
2013-06-19,17.25,17.35,16.4,17.190001,15.788134,7128600
2013-06-20,16.799999,16.85,16.309999,16.75,15.384018,2785200
2013-06-21,16.75,17.07,16.5,16.99,15.604443,2542800
2013-06-24,16.799999,16.82,16.459999,16.610001,15.255433,1206100
2013-06-25,16.700001,16.879999,16.549999,16.75,15.384018,1074800
2013-06-26,16.799999,17.139999,16.799999,17.02,15.632,3420800
2013-06-27,17.07,17.24,16.969999,17.24,15.834055,1773800
2013-06-28,17.200001,17.23,16.91,17.18,15.778949,1904600
2013-07-01,17.18,17.25,17.07,17.18,15.778949,1188800
2013-07-02,17.18,17.35,17.1,17.26,15.852424,665300
2013-07-03,17.200001,17.280001,17.139999,17.25,15.843239,332000
2013-07-05,17.299999,17.309999,17.190001,17.26,15.852424,573400
2013-07-08,17.34,17.34,17.02,17.27,15.861609,855900
2013-07-09,17.25,17.4,17.24,17.379999,15.962638,521300
2013-07-10,17.4,17.48,17.299999,17.389999,15.971822,524300
2013-07-11,17.450001,17.49,17.26,17.450001,16.02693,990200
2013-07-12,17.4,17.52,17.35,17.5,16.072853,1258600
2013-07-15,17.5,17.549999,17.120001,17.18,15.778949,242900
2013-07-16,17.290001,17.34,17.200001,17.32,15.90753,507600
2013-07-17,17.129999,17.4,17.049999,17.299999,15.889161,995700
2013-07-18,17.35,17.43,17.110001,17.15,15.751395,682700
2013-07-19,17.15,17.27,17.049999,17.08,15.687104,599500
2013-07-22,17.08,17.08,16.93,16.950001,15.567706,462000
2013-07-23,17.15,17.219999,16.85,17.059999,15.668736,1619500
2013-07-24,17.18,17.219999,16.92,17.129999,15.733026,373600
2013-07-25,17.059999,17.4,16.969999,17.35,15.935086,743800
2013-07-26,17.32,17.34,17,17.110001,15.714659,311800
2013-07-29,17.049999,17.26,16.91,17.219999,15.815687,400800
2013-07-30,17.25,17.290001,17.01,17.129999,15.733026,531000
2013-07-31,17.15,17.299999,17.02,17.190001,15.788134,291100
2013-08-01,17.27,17.389999,17.120001,17.27,15.861609,577100
2013-08-02,17.34,17.360001,17.07,17.26,15.852424,344100
2013-08-05,17.25,17.540001,17.17,17.48,16.054482,1976900
2013-08-06,17.459999,17.74,17.280001,17.51,16.082037,1702000
2013-08-07,17.5,17.5,17.1,17.280001,15.870795,801000
2013-08-08,17.280001,17.360001,16.65,16.809999,15.439124,1275600
2013-08-09,16.77,17.110001,16.700001,16.940001,15.558523,381300
2013-08-12,16.85,17.049999,16.85,16.959999,15.576889,276200
2013-08-13,16.93,17.07,16.549999,16.59,15.237066,508200
2013-08-14,16.620001,16.76,16.33,16.76,15.393201,742500
2013-08-15,16.709999,17.07,16.450001,16.99,15.604443,611000
2013-08-16,16.9,17,16.74,16.889999,15.512597,238800
2013-08-19,16.92,17,16.860001,16.99,15.604443,109800
2013-08-20,16.98,17.02,16.9,16.99,15.604443,226400
2013-08-21,17.02,17.08,16.82,16.84,15.466677,237700
2013-08-22,16.879999,16.959999,16.709999,16.780001,15.411569,253500
2013-08-23,16.799999,16.860001,16.5,16.58,15.227883,228100
2013-08-26,16.57,16.700001,16.5,16.530001,15.181959,154200
2013-08-27,16.43,16.51,15.79,15.91,14.612519,518200
2013-08-28,15.96,15.96,15.31,15.63,14.355354,651300
2013-08-29,15.6,16.01,15.47,16.01,14.704364,571100
2013-08-30,15.97,16.35,15.85,16.299999,14.970713,422000
2013-09-03,16.299999,16.360001,16.059999,16.139999,14.823763,268300
2013-09-04,16.15,16.23,16.02,16.209999,14.888053,228400
2013-09-05,16.15,16.200001,15.92,16.01,14.704364,1042900
2013-09-06,15.98,16.129999,15.73,15.8,14.511489,286000
2013-09-09,15.75,15.81,15.43,15.56,14.291063,491600
2013-09-10,15.62,15.65,15.36,15.44,14.180847,907300
2013-09-11,15.39,15.5,15.28,15.43,14.171665,669500
2013-09-12,15.45,15.49,15.35,15.41,14.153296,691600
2013-09-13,15.48,15.92,15.47,15.87,14.575782,1190900
2013-09-16,15.94,16.34,15.82,16.25,14.924791,1171500
2013-09-17,16.25,16.48,14.99,15.64,14.364538,4292800
2013-09-18,15.21,15.59,15.21,15.56,14.291063,2002900
2013-09-19,15.56,15.81,15.36,15.74,14.456383,2296600
2013-09-20,15.68,15.85,15.46,15.85,14.557414,968600
2013-09-23,15.75,15.95,15.51,15.73,14.447198,1582200
2013-09-24,15.64,15.75,14.46,15.64,14.364538,2822600
2013-09-25,15.65,15.77,15.37,15.51,14.245139,267200
2013-09-26,15.44,15.85,15.39,15.62,14.346169,463000
2013-09-27,15.55,15.99,15.39,15.98,14.67681,864700
2013-09-30,15.89,16.450001,15.82,16.209999,14.888053,4901000
2013-10-01,16.299999,16.379999,15.82,16.030001,14.722734,1016500
2013-10-02,16.51,16.51,15.92,16.059999,14.750285,963800
2013-10-03,16.200001,16.200001,15.9,16.02,14.71355,1609800
2013-10-04,16.1,16.120001,15.92,16,14.69518,604900
2013-10-07,16.01,16.049999,15.67,16,14.69518,1069900
2013-10-08,15.91,16.049999,15.86,15.92,14.621705,1009400
2013-10-09,15.65,15.83,15.35,15.8,14.696114,479300
2013-10-10,15.89,16.15,15.86,15.99,14.872841,835400
2013-10-11,16.030001,16.450001,16.030001,16.360001,15.21699,2727100
2013-10-14,16.309999,16.52,16.139999,16.299999,15.16118,543200
2013-10-15,16.17,16.389999,15.93,16,14.882142,1126900
2013-10-16,16,16.27,15.97,16.16,15.030964,829700
2013-10-17,16.139999,16.200001,16,16.15,15.021661,326400
2013-10-18,16.290001,16.41,16.110001,16.290001,15.151879,593000
2013-10-21,16.32,16.5,16.15,16.309999,15.170481,520500
2013-10-22,16.290001,16.530001,16.059999,16.09,14.965855,644400
2013-10-23,16.110001,16.26,15.98,16.110001,14.984457,320100
2013-10-24,16.07,16.24,15.63,15.96,14.844936,735700
2013-10-25,15.9,16,15.65,15.95,14.835635,889700
2013-10-28,15.9,16,15.52,15.85,14.742622,1631100
2013-10-29,15.84,15.96,15.67,15.72,14.621704,646400
2013-10-30,15.8,15.92,15.68,15.75,14.649609,776400
2013-10-31,15.75,15.88,15.13,15.38,14.305458,994600
2013-11-01,15.35,15.56,15.15,15.51,14.426374,509200
2013-11-04,15.49,15.69,15.24,15.41,14.333363,926500
2013-11-05,15.35,15.44,15.04,15.28,14.212445,746300
2013-11-06,15.38,15.48,15.21,15.4,14.32406,1167500
2013-11-07,15.37,16.200001,14.63,15.11,14.054322,2337300
2013-11-08,15.06,15.22,14.81,14.99,13.942705,1731400
2013-11-11,15.03,15.26,14.95,15.22,14.156637,575000
2013-11-12,15.26,15.28,15,15.26,14.193842,582000
2013-11-13,15.21,15.48,15.06,15.44,14.361266,665200
2013-11-14,15.47,15.65,15.26,15.63,14.537992,629700
2013-11-15,15.5,15.98,15.36,15.73,14.631004,2026200
2013-11-18,15.71,15.84,15.44,15.49,14.407772,1511600
2013-11-19,15.41,15.66,15.41,15.54,14.454278,463500
2013-11-20,15.65,15.88,15.3,15.41,14.333363,763300
2013-11-21,15.45,16.129999,15.41,15.9,14.789127,654300
2013-11-22,15.95,16.120001,15.79,16.09,14.965855,510200
2013-11-25,16.110001,16.25,16.059999,16.190001,15.058867,312700
2013-11-26,16.25,16.389999,16.1,16.190001,15.058867,463400
2013-11-27,16.24,16.629999,16.23,16.52,15.365814,420500
2013-11-29,16.209999,16.68,16.200001,16.42,15.272796,459800
2013-12-02,16.379999,16.48,16.049999,16.120001,14.993758,516700
2013-12-03,16.040001,16.370001,15.88,16.200001,15.068169,672200
2013-12-04,16.209999,16.209999,15.84,16.059999,14.937949,312100
2013-12-05,16,16.110001,16,16.049999,14.928647,211100
2013-12-06,16.110001,16.110001,15.39,15.57,14.482183,842200
2013-12-09,15.6,15.73,15.33,15.69,14.5938,576700
2013-12-10,15.66,15.7,15.38,15.53,14.444977,659300
2013-12-11,15.5,15.73,15.42,15.55,14.46358,652000
2013-12-12,15.47,15.65,15.46,15.63,14.537992,342600
2013-12-13,15.15,15.26,14.81,15.25,14.184541,1607400
2013-12-16,15.3,15.37,15.01,15.17,14.11013,1235700
2013-12-17,15.14,15.27,15.04,15.06,14.007815,419700
2013-12-18,15.05,15.16,14.99,15.09,14.03572,425900
2013-12-19,15.05,15.2,15,15.18,14.119432,366500
2013-12-20,15.15,15.24,14.95,15.11,14.054322,725700
2013-12-23,15.21,15.24,14.8,15.06,14.007815,1639100
2013-12-24,14.99,15.25,14.97,15.02,13.97061,307400
2013-12-26,15.08,15.21,14.97,14.99,13.942705,280100
2013-12-27,15.2,15.57,15.1,15.49,14.407772,1029000
2013-12-30,15.42,15.51,15.13,15.41,14.333363,568900
2013-12-31,15.42,15.59,15.25,15.25,14.184541,481800
2014-01-02,15.27,15.62,15.16,15.57,14.482183,783800
2014-01-03,15.54,15.78,15.51,15.58,14.491485,465100
2014-01-06,15.68,15.69,15.05,15.2,14.138034,839300
2014-01-07,15.06,15.34,14.94,15.19,14.128732,498700
2014-01-08,15.11,15.25,14.86,15.1,14.045022,694500
2014-01-09,15.18,15.3,14.99,15.16,14.100828,573100
2014-01-10,15.17,15.2,14.98,15.16,14.100828,259400
2014-01-13,15.07,15.23,14.97,15.03,13.979912,457400
2014-01-14,15.1,15.23,15,15.14,14.082227,353900
2014-01-15,15.07,15.35,15.01,15.3,14.231048,435000
2014-01-16,15.22,15.56,15.13,15.43,14.351966,672700
2014-01-17,14.92,14.97,14.6,14.71,13.682268,1497800
2014-01-21,14.67,14.74,14.28,14.41,13.40323,1237500
2014-01-22,14.24,14.47,14.02,14.42,13.412529,1114700
2014-01-23,14.2,14.53,13.67,14.47,13.459036,1579000
2014-01-24,14.43,14.49,13.6,13.91,12.938161,1269800
2014-01-27,13.85,14.36,13.48,13.58,12.631218,1417200
2014-01-28,13.77,14.01,13.59,13.89,12.919559,1122900
2014-01-29,13.71,13.79,13.4,13.41,12.473094,1053000
2014-01-30,13.41,13.74,13.38,13.5,12.556808,628600
2014-01-31,13.42,13.67,13.35,13.49,12.547506,803300
2014-02-03,13.45,13.83,13.13,13.29,12.36148,1217800
2014-02-04,14.3,14.44,12.96,13.42,12.482396,1906900
2014-02-05,13.44,13.44,12.83,13.36,12.426587,1112100
2014-02-06,13.72,13.77,13.32,13.51,12.566109,849800
2014-02-07,13.53,13.63,13.19,13.25,12.324275,539300
2014-02-10,13.21,13.36,13.15,13.25,12.324275,478100
2014-02-11,13.28,13.31,13.16,13.25,12.324275,620000
2014-02-12,13.24,13.5,13.12,13.42,12.482396,557400
2014-02-13,13.41,13.77,13.31,13.72,12.761435,665300
2014-02-14,14.03,15.5,14.03,14.74,13.710172,2969600
2014-02-18,14.74,14.83,14.1,14.19,13.198599,1338300
2014-02-19,14.1,14.28,13.98,14.11,13.124188,643600
2014-02-20,14.47,14.89,14.23,14.55,13.533447,1206900
2014-02-21,14.54,14.8,14.39,14.47,13.459036,618300
2014-02-24,14.5,14.95,14.49,14.69,13.663665,999800
2014-02-25,14.76,15.04,14.73,14.83,13.793887,1135000
2014-02-26,14.81,15.48,14.74,14.8,13.765983,4069400
2014-02-27,14.73,15.25,14.6,14.71,13.682268,962000
2014-02-28,14.71,15,14.62,14.85,13.812489,772100
2014-03-03,14.8,15.12,14.76,14.91,13.868296,644300
2014-03-04,14.98,15.26,14.96,15.07,14.017117,621500
2014-03-05,15.1,15.27,14.88,15.01,13.961308,722700
2014-03-06,15,15.19,14.94,15.08,14.02642,849000
2014-03-07,15,15.8,14.98,15.62,14.52869,2312200
2014-03-10,15.6,15.92,15.3,15.85,14.742622,1266200
2014-03-11,15.78,15.8,15.11,15.21,14.147335,1291900
2014-03-12,15.2,15.68,15.12,15.45,14.370568,1567500
2014-03-13,15.52,15.59,15.07,15.23,14.165936,771400
2014-03-14,14.9,15.25,14.73,14.92,13.877597,2607500
2014-03-17,15.01,15.24,14.89,15.16,14.100828,758300
2014-03-18,15.14,15.26,15.08,15.21,14.147335,1105200
2014-03-19,15.16,15.27,14.97,15.06,14.007815,1350100
2014-03-20,15,15.1,14.9,15.04,13.989213,652500
2014-03-21,15.04,15.24,15,15.17,14.11013,1229000
2014-03-24,15.01,15.24,14.99,15.09,14.03572,606200
2014-03-25,15.1,15.2,14.89,15.03,13.979912,747500
2014-03-26,15,15.07,14.8,14.9,13.858994,904000
2014-03-27,14.84,15.01,14.77,14.93,13.886899,540800
2014-03-28,14.95,15.05,14.89,14.99,13.942705,693900
2014-03-31,15.02,15.02,14.86,14.98,13.933403,1327300
2014-04-01,14.98,15.16,14.87,15,13.952007,1405900
2014-04-02,15.01,15.09,14.85,15,13.952007,1917300
2014-04-03,15.06,15.23,14.99,15.11,14.054322,1751200
2014-04-04,15.14,15.24,15.1,15.21,14.147335,1867500
2014-04-07,15.15,15.24,15.14,15.19,14.128732,1052900
2014-04-08,15.24,15.38,15.2,15.27,14.203144,954100
2014-04-09,15.23,15.35,15.23,15.32,14.24965,515500
2014-04-10,15.35,15.68,15.25,15.53,14.444977,594100
2014-04-11,15.51,15.58,15.16,15.38,14.305458,740200
2014-04-14,15.49,15.74,15.39,15.59,14.500787,968800
2014-04-15,15.74,15.78,15.5,15.61,14.519388,1233800
2014-04-16,15.72,15.78,15.54,15.75,14.649609,822300
2014-04-17,15.78,15.81,15.51,15.75,14.649609,429400
2014-04-21,15.72,15.79,15.58,15.66,14.565896,301200
2014-04-22,15.65,15.76,15.57,15.65,14.556593,546700
2014-04-23,15.71,15.83,15.61,15.76,14.658911,732000
2014-04-24,15.78,15.8,15.58,15.63,14.537992,435300
2014-04-25,15.5,15.7,15.49,15.63,14.537992,765300
2014-04-28,15.64,16.110001,15.61,15.92,14.807733,1241800
2014-04-29,15.92,16.16,15.89,15.89,14.779827,684400
2014-04-30,15.92,16.059999,15.85,16.049999,14.928647,896200
2014-05-01,15.99,16.18,15.82,16.040001,14.919349,752500
2014-05-02,16.07,16.389999,15.99,16.360001,15.21699,455000
2014-05-05,16.35,16.35,16.01,16.15,15.021661,403100
2014-05-06,16,16,15.78,15.83,14.724019,398200
2014-05-07,15.82,15.94,15.69,15.88,14.770526,525600
2014-05-08,15.82,16.07,15.64,15.75,14.649609,668000
2014-05-09,15.78,15.95,15.69,15.71,14.612403,662700
2014-05-12,15.78,16.030001,15.77,15.84,14.733321,1546200
2014-05-13,15.59,15.59,15.23,15.44,14.361266,2401400
2014-05-14,16.43,16.5,15.75,15.77,14.668212,2258200
2014-05-15,16.09,16.23,15.78,15.97,14.854238,1220800
2014-05-16,15.94,16.129999,15.76,16.08,14.956553,1945800
2014-05-19,16,16.209999,15.9,16.200001,15.068169,744600
2014-05-20,16.120001,16.23,16.059999,16.200001,15.068169,519200
2014-05-21,16.25,16.299999,16.07,16.17,15.040263,530500
2014-05-22,16.200001,16.48,16.1,16.43,15.282098,745600
2014-05-23,16.290001,16.440001,16.280001,16.379999,15.235591,420500
2014-05-27,16.35,16.610001,16.280001,16.58,15.421623,718800
2014-05-28,16.58,16.65,16.49,16.540001,15.384418,468000
2014-05-29,16.57,16.620001,16.49,16.51,15.356512,382100
2014-05-30,16.42,16.709999,16.4,16.68,15.514634,507700
2014-06-02,16.629999,16.75,16.52,16.610001,15.449522,302100
2014-06-03,16.77,16.950001,16.559999,16.91,15.728562,1108100
2014-06-04,16.75,16.92,16.700001,16.92,15.737865,576100
2014-06-05,16.98,16.98,16.66,16.889999,15.709959,622900
2014-06-06,17,17.92,17,17.85,16.60289,1408200
2014-06-09,18.530001,18.950001,17.6,17.799999,16.556385,1417100
2014-06-10,17.860001,17.9,17.290001,17.440001,16.221531,939100
2014-06-11,16.57,17.360001,16.559999,17.219999,16.016903,821300
2014-06-12,17.17,17.299999,16.99,17.110001,15.91459,634000
2014-06-13,17.059999,17.290001,16.889999,17.110001,15.91459,909900
2014-06-16,17.18,17.18,16.92,16.969999,15.78437,674600
2014-06-17,16.950001,17.059999,16.860001,17.059999,15.868085,674500
2014-06-18,17.049999,17.15,16.969999,17.120001,15.923894,345400
2014-06-19,17.219999,17.379999,17.120001,17.370001,16.156424,436800
2014-06-20,17.299999,17.309999,16.91,16.93,15.747166,963200
2014-06-23,16.610001,17.02,16.610001,16.959999,15.775068,845000
2014-06-24,17.02,17.08,16.67,16.75,15.579742,707400
2014-06-25,17.02,17.02,16.67,16.809999,15.635549,537300
2014-06-26,16.799999,16.91,16.629999,16.82,15.644851,399300
2014-06-27,16.780001,16.889999,16.51,16.84,15.663455,1159200
2014-06-30,16.93,17.18,16.76,17.129999,15.933193,753600
2014-07-01,17.24,17.530001,17.219999,17.49,16.26804,1108100
2014-07-02,17.49,17.940001,17.469999,17.799999,16.556385,900700
2014-07-03,17.790001,18.15,17.690001,18.15,16.881929,857500
2014-07-07,18.059999,18.059999,17.860001,18,16.742409,426200
2014-07-08,17.950001,18.1,17.809999,17.959999,16.705202,972600
2014-07-09,17.889999,17.93,17.559999,17.92,16.667995,1060400
2014-07-10,17.83,17.93,17.66,17.82,16.574986,1545200
2014-07-11,17.82,17.82,17.469999,17.49,16.26804,464200
2014-07-14,17.58,17.58,17.17,17.190001,15.989,1665500
2014-07-15,17.209999,17.540001,17.209999,17.52,16.295946,481300
2014-07-16,17.629999,17.75,17.389999,17.389999,16.175026,324000
2014-07-17,17.360001,17.48,17.110001,17.309999,16.100616,303500
2014-07-18,17.35,17.43,17.190001,17.32,16.109915,327800
2014-07-21,17.27,17.27,16.98,17.18,15.9797,339700
2014-07-22,17.23,17.32,16.950001,17.309999,16.100616,484500
2014-07-23,17.35,17.43,17.15,17.280001,16.07271,229300
2014-07-24,17.309999,17.32,17,17.110001,15.91459,200000
2014-07-25,17.120001,17.190001,17,17.129999,15.933193,209900
2014-07-28,17.16,17.16,16.98,17,15.812277,386100
2014-07-29,17,17.049999,16.940001,17,15.812277,666500
2014-07-30,17.059999,17.139999,16.940001,17.01,15.821576,306200
2014-07-31,16.93,17.219999,16.860001,17.110001,15.91459,628600
2014-08-01,17.1,17.23,16.75,16.98,15.793672,485500
2014-08-04,17.02,17.299999,16.93,17.209999,16.007601,341200
2014-08-05,17.190001,17.360001,17.09,17.309999,16.100616,422400
2014-08-06,17.27,17.5,17.27,17.440001,16.221531,336600
2014-08-07,17.43,17.49,17,17.049999,15.858782,637800
2014-08-08,17.02,17.360001,16.93,17.33,16.119219,484400
2014-08-11,17.360001,17.68,17.309999,17.620001,16.38896,388800
2014-08-12,17.59,17.68,17.459999,17.57,16.342451,334500
2014-08-13,17.58,17.709999,17.48,17.559999,16.333149,205900
2014-08-14,17.58,17.870001,17.48,17.620001,16.38896,474600
2014-08-15,17.610001,17.85,17.6,17.85,16.60289,377800
2014-08-18,17.82,17.969999,17.719999,17.92,16.667995,399800
2014-08-19,17.84,18.25,17.84,18.01,16.751711,423800
2014-08-20,18,18.16,17.780001,17.959999,16.705202,350800
2014-08-21,17.969999,18.17,17.83,18.09,16.826122,604000
2014-08-22,18.09,18.450001,17.91,18.35,17.067957,755600
2014-08-25,18.360001,18.469999,18.049999,18.23,16.956341,448100
2014-08-26,18.18,18.24,17.969999,18.02,16.761011,536300
2014-08-27,17.98,18.18,17.879999,18.01,16.751711,627600
2014-08-28,17.07,17.75,17.040001,17.389999,16.175026,1479900
2014-08-29,17.24,17.43,16.870001,17.190001,15.989,1106300
2014-09-02,17.190001,17.360001,17,17.219999,16.016903,2161400
2014-09-03,17.25,17.379999,17.18,17.219999,16.016903,512600
2014-09-04,17.27,17.290001,17.1,17.190001,15.989,326600
2014-09-05,17.17,17.35,17,17.299999,16.091312,674100
2014-09-08,16.809999,17.360001,16.68,17.26,16.054111,1047700
2014-09-09,17.16,17.33,17.09,17.15,15.951796,924800
2014-09-10,17.18,17.370001,17.059999,17.32,16.109915,754500
2014-09-11,17.26,17.559999,17.120001,17.559999,16.333149,886300
2014-09-12,17.51,17.690001,17.379999,17.559999,16.333149,866300
2014-09-15,17.43,17.52,17.360001,17.379999,16.165722,805400
2014-09-16,17.43,17.440001,17.200001,17.23,16.026203,629700
2014-09-17,17.219999,17.59,17.17,17.540001,16.31455,765800
2014-09-18,17.67,17.73,17.48,17.700001,16.463371,463000
2014-09-19,16.940001,17.57,16.82,17.48,16.258738,1713400
2014-09-22,17.51,17.6,17.25,17.33,16.119219,654000
2014-09-23,17.27,17.4,17.129999,17.280001,16.07271,694900
2014-09-24,17.26,17.459999,17.049999,17.34,16.128519,569000
2014-09-25,17.290001,17.299999,16.91,17,15.812277,528300
2014-09-26,16.950001,17.190001,16.84,17.120001,15.923894,822000
2014-09-29,16.559999,16.91,16.389999,16.74,15.754489,1106900
2014-09-30,16.690001,16.790001,16.49,16.549999,15.575675,1302100
2014-10-01,16.49,16.540001,16.129999,16.370001,15.40627,1213900
2014-10-02,16.33,16.41,15.99,16.040001,15.0957,1476100
2014-10-03,16.040001,16.23,15.88,15.96,15.020408,1475700
2014-10-06,16.049999,16.09,15.74,15.94,15.001587,950500
2014-10-07,15.88,16.5,15.77,16.299999,15.34039,1224500
2014-10-08,16.629999,16.780001,16.26,16.42,15.453325,980300
2014-10-09,16.370001,16.639999,16.200001,16.25,15.293335,541500
2014-10-10,16.25,16.35,16.129999,16.26,15.302747,691900
2014-10-13,16.200001,16.51,16.1,16.209999,15.255689,864900
2014-10-14,16.24,16.6,16.200001,16.41,15.443915,781000
2014-10-15,16.219999,16.42,15.92,16.370001,15.40627,757700
2014-10-16,16.26,16.77,16.23,16.549999,15.575675,734800
2014-10-17,16.6,16.74,16.34,16.42,15.453325,462700
2014-10-20,16.389999,16.530001,16.16,16.41,15.443915,1000100
2014-10-21,16.43,16.91,16.370001,16.610001,15.632142,630400
2014-10-22,16.59,16.799999,16.559999,16.59,15.613319,350400
2014-10-23,16.709999,16.790001,16.379999,16.4,15.434505,506700
2014-10-24,16.389999,16.5,16.23,16.32,15.359213,407400
2014-10-27,16.290001,16.59,16.190001,16.51,15.538031,489900
2014-10-28,16.5,16.67,16.5,16.59,15.613319,326100
2014-10-29,16.549999,16.700001,16.120001,16.309999,15.349801,1183100
2014-10-30,16.34,16.34,16.030001,16.219999,15.2651,693500
2014-10-31,16.709999,16.74,16.450001,16.6,15.622732,1827300
2014-11-03,16.620001,17.34,16.620001,17.110001,16.102705,1626500
2014-11-04,17.120001,17.24,16.5,16.799999,15.810955,1491700
2014-11-05,16.870001,17.4,16.709999,17.23,16.215637,1840500
2014-11-06,17.16,18,16.950001,17.93,16.874432,1452700
2014-11-07,17.43,18.5,17.43,18.360001,17.279116,1985700
2014-11-10,18.5,18.98,18.450001,18.82,17.712034,1915800
2014-11-11,18.799999,19.07,18.57,18.700001,17.5991,1184600
2014-11-12,18.66,19.4,18.6,19.35,18.210835,1310400
2014-11-13,19.370001,19.6,19.33,19.450001,18.304947,1261500
2014-11-14,19.4,19.559999,19.01,19.15,18.022608,1056500
2014-11-17,19.15,19.370001,18.959999,18.98,17.862616,933100
2014-11-18,19,19.379999,18.969999,19.129999,18.003784,985800
2014-11-19,19.440001,19.6,19.200001,19.440001,18.295534,1555000
2014-11-20,19.309999,20,19.309999,19.75,18.587284,1432900
2014-11-21,19.889999,20,19.709999,19.889999,18.719042,1103400
2014-11-24,19.870001,19.950001,19.65,19.84,18.671989,1016300
2014-11-25,19.870001,20.15,19.870001,20.139999,18.954325,1197500
2014-11-26,20.1,20.32,19.969999,19.99,18.813156,590500
2014-11-28,20,20.42,19.889999,20.24,19.048437,758100
2014-12-01,20.27,20.389999,19.92,20.23,19.039024,1017200
2014-12-02,20.290001,20.41,19.99,20.09,18.907269,1117200
2014-12-03,20.07,20.209999,19.93,20,18.822569,2143000
2014-12-04,20.040001,20.16,19.780001,19.950001,18.775513,2164800
2014-12-05,20,20.290001,19.99,20.200001,19.010796,1026900
2014-12-08,20.17,20.26,19.950001,19.959999,18.784922,1539500
2014-12-09,19.84,20.15,19.84,19.99,18.813156,639200
2014-12-10,20.01,20.15,19.860001,19.92,18.747278,1037700
2014-12-11,20.01,20.26,19.959999,20.07,18.888449,644800
2014-12-12,19.99,20.139999,19.719999,19.76,18.596699,1226300
2014-12-15,19.98,20,19.450001,19.459999,18.314356,1782800
2014-12-16,19.33,19.540001,19.1,19.110001,17.984962,1741500
2014-12-17,19.1,19.719999,19.1,19.639999,18.483765,1162700
2014-12-18,19.780001,20.059999,19.73,20.040001,18.860214,1425800
2014-12-19,20.110001,20.26,19.83,20.049999,18.869623,1214400
2014-12-22,20.040001,20.209999,19.950001,20.059999,18.879036,562400
2014-12-23,20.08,20.41,20.08,20.27,19.076672,649200
2014-12-24,20.290001,20.780001,20.290001,20.67,19.453123,480900
2014-12-26,20.75,20.969999,20.73,20.879999,19.650759,480500
2014-12-29,20.860001,20.98,20.49,20.879999,19.650759,504100
2014-12-30,20.84,21,20.809999,20.84,19.613115,482400
2014-12-31,20.889999,20.99,20.66,20.66,19.443712,402000
2015-01-02,20.76,21.059999,20.360001,20.43,19.227251,686000
2015-01-05,20.4,20.66,20.27,20.370001,19.170784,735600
2015-01-06,20.4,20.459999,20.1,20.219999,19.029613,1878300
2015-01-07,20.27,20.469999,20.15,20.290001,19.095491,1191300
2015-01-08,20.33,20.66,20.18,20.459999,19.255482,679200
2015-01-09,20.459999,20.5,19.76,19.860001,18.690811,1098100
2015-01-12,19.889999,19.940001,19.120001,19.32,18.182598,1250300
2015-01-13,19.440001,19.549999,18.74,19.02,17.900261,1896900
2015-01-14,18.790001,18.98,18.58,18.91,17.796736,1087900
2015-01-15,18.91,19.139999,18.809999,18.93,17.815559,807300
2015-01-16,18.950001,19.059999,18.540001,18.709999,17.608511,1002300
2015-01-20,18.67,18.809999,18.33,18.719999,17.617924,973200
2015-01-21,18.719999,18.99,18.610001,18.780001,17.674393,649200
2015-01-22,19.25,19.33,18.860001,19.129999,18.003784,1001700
2015-01-23,19.08,19.209999,18.870001,18.950001,17.834383,697800
2015-01-26,18.969999,19.530001,18.950001,19.35,18.210835,1083700
2015-01-27,19.139999,19.309999,19.049999,19.1,17.975552,1120300
2015-01-28,18.639999,19.07,18.52,18.719999,17.617924,991000
2015-01-29,18.75,19.379999,18.75,19.32,18.182598,1443800
2015-01-30,19.18,19.379999,18.940001,19.02,17.900261,1793500
2015-02-02,19.02,19.209999,18.85,19.209999,18.079073,1487000
2015-02-03,19.15,19.6,19.15,19.6,18.446117,1075100
2015-02-04,19.59,19.75,18.92,18.93,17.815559,1959100
2015-02-05,19.48,21.4,19.02,21.24,19.989567,4452800
2015-02-06,21.559999,22,21.43,21.879999,20.591888,3229300
2015-02-09,21.91,22.43,21.85,22.15,20.845991,2765700
2015-02-10,22.18,22.25,21.93,21.940001,20.648357,2384500
2015-02-11,21.959999,22.049999,21.879999,21.950001,20.657768,993000
2015-02-12,21.92,22.34,21.92,22.030001,20.733057,877700
2015-02-13,22,22.299999,21.959999,22.030001,20.733057,887400
2015-02-17,22.129999,22.450001,22.059999,22.290001,20.977751,870400
2015-02-18,22.35,22.41,22.24,22.299999,20.987162,391400
2015-02-19,22.33,22.41,22.049999,22.08,20.780113,411400
2015-02-20,22.1,22.290001,21.99,22.23,20.92128,559300
2015-02-23,22.290001,22.540001,22.200001,22.450001,21.12833,957300
2015-02-24,22.5,22.6,22.24,22.309999,20.996572,618500
2015-02-25,22.290001,22.450001,22.26,22.41,21.090685,276500
2015-02-26,22.35,22.52,22.040001,22.18,20.874224,411300
2015-02-27,22.200001,22.639999,22.110001,22.6,21.269499,559900
2015-03-02,22.639999,23.120001,22.459999,23.040001,21.683599,1039200
2015-03-03,23.07,23.07,22.67,22.74,21.401257,850800
2015-03-04,22.719999,22.969999,22.639999,22.690001,21.354202,796800
2015-03-05,22.9,23.15,22.76,23.059999,21.702421,976900
2015-03-06,23.049999,23.18,22.43,22.549999,21.222443,631300
2015-03-09,22.59,23.209999,22.59,23.16,21.796532,711900
2015-03-10,22.969999,22.969999,22.18,22.18,20.874224,1083800
2015-03-11,22.18,22.209999,21.700001,22.02,20.723648,848200
2015-03-12,22.18,22.51,22.09,22.48,21.156565,714300
2015-03-13,22.389999,22.389999,22.02,22.280001,20.96834,610200
2015-03-16,22.280001,22.43,22.1,22.389999,21.071861,1054500
2015-03-17,22.25,22.969999,22.25,22.959999,21.608307,989400
2015-03-18,23.02,23.52,22.860001,23.24,21.871822,1023400
2015-03-19,23.25,23.32,22.950001,23.129999,21.768299,639000
2015-03-20,23.110001,23.68,23.09,23.639999,22.248272,1055700
2015-03-23,23.639999,24.5,23.57,24.42,22.982353,1018600
2015-03-24,24.370001,24.709999,24.360001,24.48,23.03882,843900
2015-03-25,24.559999,24.639999,24.32,24.370001,22.935299,931600
2015-03-26,23.860001,24,23.389999,23.959999,22.549435,1761200
2015-03-27,23.93,24.459999,23.809999,24.32,22.888243,1189400
2015-03-30,24.360001,24.57,24.1,24.18,22.756483,830300
2015-03-31,24.02,24.379999,24,24.27,22.841187,445000
2015-04-01,24.290001,24.370001,23.950001,24.209999,22.784716,830200
2015-04-02,23.75,23.99,23.27,23.77,22.370621,1223200
2015-04-06,23.540001,24.129999,23.530001,24.01,22.596491,981700
2015-04-07,24.15,24.15,23.620001,23.629999,22.238863,587700
2015-04-08,23.700001,23.82,23.26,23.639999,22.248272,1045300
2015-04-09,23.639999,23.709999,23.290001,23.5,22.11652,596100
2015-04-10,23.58,23.66,23.27,23.33,21.956524,561700
2015-04-13,23.370001,23.65,23.290001,23.52,22.135338,791100
2015-04-14,23.469999,24.780001,23.43,24.780001,23.321159,1165000
2015-04-15,24.76,25.129999,24.59,24.969999,23.499977,1131100
2015-04-16,25.01,25.49,24.809999,25.059999,23.584675,760600
2015-04-17,24.92,25.120001,24.799999,25.07,23.59409,865900
2015-04-20,25.25,25.76,25.16,25.200001,23.716434,1384000
2015-04-21,25.34,25.450001,25.08,25.16,23.678789,1060900
2015-04-22,25.24,25.24,24.9,24.959999,23.490564,619700
2015-04-23,24.9,25.18,24.83,25,23.52821,862100
2015-04-24,25.120001,25.190001,24.76,24.780001,23.321159,580800
2015-04-27,24.879999,25,24.559999,24.75,23.292929,576600
2015-04-28,24.709999,24.76,24.440001,24.5,23.057644,518700
2015-04-29,24.459999,24.52,24.209999,24.280001,22.850594,543400
2015-04-30,24.25,24.25,23.780001,23.91,22.502378,1008800
2015-05-01,24.01,24.540001,23.99,24.530001,23.08588,388200
2015-05-04,24.65,24.799999,24.49,24.75,23.292929,594000
2015-05-05,24.790001,24.83,24.5,24.65,23.198816,873900
2015-05-06,24.75,24.790001,23.98,24.219999,22.794127,1221900
2015-05-07,24.780001,25.639999,24.67,24.68,23.227049,2914700
2015-05-08,25,25.129999,23.790001,23.870001,22.464733,2758300
2015-05-11,23.950001,24.049999,23.389999,23.690001,22.29533,2008100
2015-05-12,23.620001,23.790001,23.41,23.6,22.210629,1522300
2015-05-13,23.59,23.76,23.41,23.530001,22.144751,1016500
2015-05-14,23.6,24.549999,23.27,23.940001,22.530611,2389400
2015-05-15,24,24.059999,23.700001,23.709999,22.314154,534600
2015-05-18,23.719999,24.1,23.540001,24.07,22.652958,1104500
2015-05-19,24.18,24.6,24.059999,24.59,23.142347,1197500
2015-05-20,24.559999,24.67,24.219999,24.450001,23.010588,732000
2015-05-21,24.389999,24.51,24.200001,24.370001,22.935299,537000
2015-05-22,24.299999,24.99,24.08,24.290001,22.860008,769000
2015-05-26,24.389999,24.58,24.139999,24.559999,23.114111,1339400
2015-05-27,24.66,24.99,24.5,24.870001,23.405865,859700
2015-05-28,24.809999,25.17,24.74,25.139999,23.659967,841800
2015-05-29,25.09,25.24,24.879999,24.93,23.462332,787700
2015-06-01,25.42,25.5,24.690001,25.219999,23.735256,1087200
2015-06-02,25.120001,25.790001,25.01,25.459999,23.961124,2196800
2015-06-03,25.49,25.700001,25.290001,25.68,24.168175,877100
2015-06-04,25.559999,25.889999,25.440001,25.65,24.139942,1019400
2015-06-05,25.58,25.809999,25.309999,25.809999,24.290522,567200
2015-06-08,25.75,25.91,25.450001,25.51,24.008183,1054900
2015-06-09,25.469999,25.799999,25.469999,25.74,24.224644,842000
2015-06-10,25.84,26.379999,25.75,26.190001,24.648153,998500
2015-06-11,26.219999,26.25,25.870001,25.92,24.394049,639700
2015-06-12,25.959999,26.299999,25.860001,26.27,24.723442,1308600
2015-06-15,26.17,26.299999,25.889999,26.049999,24.516392,1412100
2015-06-16,30.059999,31.290001,29.370001,31.08,29.250267,10764400
2015-06-17,30.73,31.290001,30.139999,31.219999,29.382025,3769400
2015-06-18,31.299999,31.74,30.809999,30.91,29.090279,1875800
2015-06-19,30.91,31.950001,30.799999,31.66,29.796125,3426800
2015-06-22,31.75,31.879999,31.23,31.440001,29.589075,2302600
2015-06-23,30.809999,31.959999,30.639999,31.799999,29.927881,3270700
2015-06-24,31.83,32.080002,31.48,31.950001,30.069054,1616800
2015-06-25,32.040001,32.209999,31.610001,32.130001,30.238455,1509700
2015-06-26,32.259998,32.549999,32.119999,32.450001,30.539618,1880600
2015-06-29,32.189999,32.439999,32,32.220001,30.323158,1133400
2015-06-30,32.529999,32.619999,31.92,31.969999,30.087873,1900700
2015-07-01,32.040001,32.720001,31.889999,32.68,30.756075,1189300
2015-07-02,32.669998,32.669998,32.099998,32.360001,30.454914,883400
2015-07-06,32.18,32.59,31.940001,32.23,30.332567,936500
2015-07-07,32.32,32.32,31.76,32.139999,30.247864,974100
2015-07-08,32.060001,32.310001,31.49,31.52,29.664366,646900
2015-07-09,32,32.060001,28.26,30.040001,28.271496,7430600
2015-07-10,29.67,29.879999,28.540001,28.690001,27.000973,3110900
2015-07-13,28.98,29.09,27.709999,27.969999,26.32336,4221700
2015-07-14,28.24,28.530001,27.719999,27.870001,26.22925,2726300
2015-07-15,27.870001,28.15,27.75,27.9,26.257483,1715600
2015-07-16,27.99,28.07,27.51,27.6,25.975143,1842500
2015-07-17,27.57,27.74,27.370001,27.48,25.862207,861600
2015-07-20,27.450001,27.99,27.34,27.6,25.975143,1049000
2015-07-21,27.65,27.709999,26.98,27.02,25.429289,1548000
2015-07-22,27.059999,27.549999,26.98,27.309999,25.702215,1382400
2015-07-23,27.040001,27.65,27.040001,27.209999,25.608103,1571200
2015-07-24,27.33,27.360001,26.629999,26.700001,25.128128,1382100
2015-07-27,26.59,26.799999,26.440001,26.51,24.949316,914600
2015-07-28,26.51,26.83,26.43,26.59,25.024603,803700
2015-07-29,26.620001,26.9,26.530001,26.84,25.259886,1253400
2015-07-30,26.67,27.030001,26.33,26.91,25.325766,1288000
2015-07-31,27.200001,27.219999,26.59,26.73,25.156363,1050900
2015-08-03,26.719999,27.01,26.540001,26.83,25.250475,1065500
2015-08-04,26.93,27.74,26.639999,27.49,25.871618,1190500
2015-08-05,27.41,28.379999,27.41,28.32,26.652754,1287200
2015-08-06,28.41,28.41,27.66,27.98,26.332771,1298400
2015-08-07,27.889999,28.66,27.780001,28.6,26.916275,1709300
2015-08-10,28.6,29.24,28.469999,29.209999,27.490355,1293000
2015-08-11,29,29.73,28.790001,29.66,27.913868,2317200
2015-08-12,29.549999,29.629999,28.23,28.719999,27.029209,1772900
2015-08-13,28.809999,31.25,28.51,30.469999,28.67618,2838700
2015-08-14,30.42,30.5,28.82,29.610001,27.86681,1992700
2015-08-17,29.52,29.530001,29.01,29.280001,27.556238,881100
2015-08-18,29.389999,29.860001,29.24,29.290001,27.565651,811300
2015-08-19,29.25,29.639999,28.82,29.049999,27.339777,1168400
2015-08-20,28.84,29.15,28.25,28.700001,27.010386,1311400
2015-08-21,28.370001,28.639999,28.219999,28.299999,26.633932,1652200
2015-08-24,27.309999,28.23,27.23,27.75,26.116314,2026800
2015-08-25,28,28.74,27.26,27.629999,26.003378,2018400
2015-08-26,28.049999,28.41,27.67,28.32,26.652754,1673800
2015-08-27,28.440001,29.200001,28.27,28.91,27.208019,1352500
2015-08-28,28.99,30.16,28.889999,30.139999,28.36561,1601800
2015-08-31,29.9,30.610001,29.6,30.309999,28.5256,1626300
2015-09-01,28.43,29.23,28.030001,28.35,26.680988,2077200
2015-09-02,28.59,29.030001,28.139999,28.690001,27.000973,1933800
2015-09-03,28.799999,29.379999,28.73,28.860001,27.160963,1782500
2015-09-04,28.66,29,28.610001,28.790001,27.095085,1111800
2015-09-08,29.219999,29.309999,28.469999,28.73,27.038616,1891300
2015-09-09,29.129999,29.709999,28.83,28.889999,27.189198,1715600
2015-09-10,28.84,28.959999,28.32,28.43,26.756279,1917800
2015-09-11,28.41,29.48,28.07,29.370001,27.64094,1341900
2015-09-14,28.52,28.66,27.540001,28.16,26.502174,1869900
2015-09-15,27.780001,28.92,27.75,28.75,27.057442,1727800
2015-09-16,28.82,28.99,28.290001,28.799999,27.104498,1308600
2015-09-17,28.860001,29.639999,28.809999,29.219999,27.499771,1306800
2015-09-18,28.91,28.91,28.18,28.309999,26.643343,1615500
2015-09-21,28.51,28.83,27.879999,27.91,26.266893,1223100
2015-09-22,27.65,27.77,27.02,27.190001,25.589281,1764900
2015-09-23,27.27,27.629999,27.09,27.139999,25.542221,1435400
2015-09-24,27.049999,27.25,26.49,26.91,25.325766,2081900
2015-09-25,26.969999,27.309999,26.82,26.870001,25.28812,1628800
2015-09-28,26.76,26.969999,25.77,25.780001,24.262289,1794200
2015-09-29,24.969999,25.75,24.9,25.559999,24.2908,1763600
2015-09-30,26.059999,27.110001,26.01,27.059999,25.716316,1642000
2015-10-01,27.190001,27.530001,26.860001,27.459999,26.096453,1603700
2015-10-02,26.98,27.07,26.290001,26.889999,25.554756,1639600
2015-10-05,27.059999,28.41,27,28,26.60964,2246800
2015-10-06,27.49,28.059999,27.17,27.24,25.887375,1592100
2015-10-07,26.91,27.030001,26.33,26.6,25.27916,1685900
2015-10-08,26.629999,27.440001,26.58,27.370001,26.010921,1173600
2015-10-09,27.370001,28.120001,27.129999,27.950001,26.562122,1118200
2015-10-12,28.030001,28.719999,27.32,28.559999,27.141832,1099900
2015-10-13,28.49,29.01,28.280001,28.459999,27.046797,1411100
2015-10-14,28.360001,28.700001,27.639999,27.690001,26.315031,1457600
2015-10-15,27.700001,28.34,27.17,28.290001,26.885239,1400200
2015-10-16,28.290001,28.870001,28.200001,28.51,27.094315,1304500
2015-10-19,28.379999,28.6,28.08,28.5,27.08481,1181500
2015-10-20,28.42,29.280001,28.42,28.92,27.483955,1222200
2015-10-21,28.92,29.34,27.41,28.049999,26.657156,1955800
2015-10-22,28.15,28.57,27.91,28.08,26.685665,2261500
2015-10-23,28.25,28.83,28.25,28.59,27.170343,1608700
2015-10-26,28.530001,28.969999,28.389999,28.58,27.160841,1640400
2015-10-27,28.530001,28.709999,27.99,28.4,26.989775,1157100
2015-10-28,28.48,29.16,28.190001,28.719999,27.293888,1318100
2015-10-29,28.65,29.18,28.5,28.940001,27.502964,1105500
2015-10-30,29,29.18,28.639999,28.950001,27.512466,1258600
2015-11-02,29,30.1,28.9,29.66,28.18721,2034900
2015-11-03,29.48,30.25,29.24,29.610001,28.139692,1822200
2015-11-04,29.360001,30.26,29.049999,29.950001,28.462812,2324400
2015-11-05,29.43,29.43,27.01,28.219999,26.818714,4773900
2015-11-06,27.77,29.190001,27.77,28.5,27.08481,3657300
2015-11-09,28.18,28.629999,27.51,28.440001,27.027792,1645500
2015-11-10,28.389999,29.93,28.27,29.879999,28.396286,1819200
2015-11-11,29.9,30.76,29.82,30.360001,28.852453,1807000
2015-11-12,30.08,30.450001,29.15,29.18,27.731047,1131000
2015-11-13,29.08,29.190001,28.6,28.67,27.24637,942900
2015-11-16,28,28.17,26.75,27.57,26.200991,2622900
2015-11-17,27.540001,27.540001,26.459999,26.5,25.184122,2417900
2015-11-18,26.690001,27.01,26.08,26.98,25.640285,1689400
2015-11-19,27.07,27.5,26.57,26.82,25.488235,1406800
2015-11-20,26.950001,27.85,26.870001,27.139999,25.792343,1634600
2015-11-23,27.049999,28.139999,27.049999,27.93,26.543116,1326500
2015-11-24,27.940001,28.549999,27.85,28.360001,26.951763,1068600
2015-11-25,28.73,29.469999,28.629999,28.92,27.483955,912400
2015-11-27,28.99,29.139999,28.74,28.940001,27.502964,358300
2015-11-30,27.24,28.309999,26.92,27.780001,26.400566,2220600
2015-12-01,27.93,28.07,26.959999,27.85,26.467089,1711200
2015-12-02,27.809999,28.190001,27.34,27.41,26.048937,1444900
2015-12-03,27.370001,27.530001,26.35,26.67,25.345686,1759900
2015-12-04,26.809999,27.280001,26.76,26.879999,25.545254,1520000
2015-12-07,26.459999,27.77,26.459999,27.309999,25.953899,1592700
2015-12-08,27.049999,27.700001,26.969999,27.41,26.048937,2039500
2015-12-09,27.26,28.41,27.07,28.26,26.856731,1418700
2015-12-10,28.34,28.48,27.709999,27.889999,26.5051,809500
2015-12-11,27.540001,28.139999,26.57,26.709999,25.383694,830100
2015-12-14,27,27.34,26.459999,26.6,25.27916,782400
2015-12-15,26.940001,27.42,26.780001,27.32,25.963406,797400
2015-12-16,27.34,28.040001,27.32,27.860001,26.476591,1320400
2015-12-17,28.049999,28.059999,27.530001,27.549999,26.181986,500600
2015-12-18,27.540001,27.6,26.639999,26.809999,25.478729,2166000
2015-12-21,27.24,27.379999,26.690001,26.98,25.640285,648000
2015-12-22,27.15,27.15,26.17,26.299999,24.994053,1224800
2015-12-23,26.4,27.02,26.34,26.469999,25.155609,751500
2015-12-24,26.4,26.700001,26.299999,26.4,25.08909,295000
2015-12-28,26.299999,27.280001,25.91,25.969999,24.680439,913700
2015-12-29,25.959999,26.200001,25.66,25.879999,24.594906,1261700
2015-12-30,25.77,26.049999,25.17,25.440001,24.176756,1250900
2015-12-31,25.24,26.040001,25.24,25.629999,24.357323,786400
2016-01-04,25.219999,25.459999,24.57,24.950001,23.71109,1167000
2016-01-05,24.870001,25.49,24.200001,24.940001,23.701586,1295100
2016-01-06,24.58,24.73,23.969999,24.17,22.96982,1258200
2016-01-07,23.690001,23.969999,23.360001,23.469999,22.304577,656800
2016-01-08,23.68,23.709999,23.33,23.43,22.266563,763500
2016-01-11,23.25,23.620001,21.9,22.75,21.620331,1836500
2016-01-12,23.07,23.309999,21.85,23.15,22.000471,1818600
2016-01-13,22.959999,23.049999,22.25,22.57,21.44927,2349500
2016-01-14,22.549999,22.82,22,22.139999,21.040623,1343200
2016-01-15,21.799999,22.15,21.48,21.790001,20.708,1874600
2016-01-19,22.450001,22.700001,21.73,21.950001,20.860058,1611600
2016-01-20,21.76,23.219999,21.6,22.950001,21.810402,2348500
2016-01-21,23.139999,23.540001,22.07,22.450001,21.335228,1138800
2016-01-22,22.77,23.290001,22.360001,22.9,21.762882,889900
2016-01-25,22.75,23.26,22.08,22.450001,21.335228,1903200
2016-01-26,22.9,23.389999,22.469999,23.16,22.009974,1027400
2016-01-27,23.110001,23.67,22.870001,23.219999,22.066992,1003800
2016-01-28,23.450001,23.65,23.120001,23.450001,22.285574,832000
2016-01-29,23.459999,24.74,23.389999,24.610001,23.387972,2001900
2016-02-01,24.52,24.77,24.059999,24.309999,23.102867,1793100
2016-02-02,23.959999,25.110001,23.959999,24.709999,23.483006,1511100
2016-02-03,24.620001,24.85,23.889999,24.610001,23.387972,1457900
2016-02-04,27.57,28.84,26.01,28.360001,26.951763,3947100
2016-02-05,28.360001,28.360001,27.309999,28.049999,26.657156,2935400
2016-02-08,27.620001,27.92,26.17,26.690001,25.364691,2721700
2016-02-09,26.49,27.719999,26.129999,27.41,26.048937,2493700
2016-02-10,27.360001,27.77,26.92,27.030001,25.687803,1410200
2016-02-11,26.58,27,25.9,26.75,25.421709,1155800
2016-02-12,26.790001,27.1,26.23,26.48,25.165115,785700
2016-02-16,26.6,27.129999,26.42,27,25.659294,680100
2016-02-17,27.01,29.02,27.01,28.969999,27.531475,2463200
2016-02-18,29,29.469999,28.200001,28.889999,27.455444,1572200
2016-02-19,28.629999,29.049999,28.059999,28.84,27.407928,451300
2016-02-22,28.940001,29.27,28.58,28.809999,27.379417,984800
2016-02-23,28.860001,28.860001,28,28.73,27.303391,913700
2016-02-24,28.700001,29.41,28.26,29.41,27.949623,801400
2016-02-25,29.08,29.5,28.57,29.469999,28.006641,1058700
2016-02-26,29.52,29.59,28.610001,28.91,27.474453,591300
2016-02-29,28.67,29.110001,28.209999,28.48,27.065804,807000
2016-03-01,28.76,29.01,28.129999,28.440001,27.027792,954700
2016-03-02,28.469999,29,28.360001,28.92,27.483955,857200
2016-03-03,28.93,29.139999,27.91,28.110001,26.71418,1099400
2016-03-04,28.190001,28.68,27.219999,27.620001,26.248508,1173900
2016-03-07,27.610001,27.73,26.76,27.440001,26.077446,1052200
2016-03-08,27.32,27.780001,27.16,27.639999,26.267513,850900
2016-03-09,27.690001,27.799999,27.16,27.34,25.982412,1181100
2016-03-10,27.34,27.709999,26.6,27.6,26.229504,1150500
2016-03-11,27.52,27.799999,27.25,27.52,26.153477,743600
2016-03-14,27.5,27.92,27.17,27.200001,25.849363,712500
2016-03-15,27.030001,27.35,26.52,26.99,25.649792,916900
2016-03-16,26.75,27.049999,26.540001,26.940001,25.602276,1823300
2016-03-17,26.98,27.440001,26.57,27.190001,25.839861,921600
2016-03-18,27.209999,28.290001,27.08,27.950001,26.562122,1845200
2016-03-21,27.77,28.049999,27,27.01,25.668798,981900
2016-03-22,27.01,27.01,26.43,26.709999,25.383694,650200
2016-03-23,26.73,26.93,26.35,26.469999,25.155609,372100
2016-03-24,26.4,26.700001,26.18,26.690001,25.364691,739300
2016-03-28,26.870001,27.219999,26.690001,27.129999,25.782839,728000
2016-03-29,27.049999,27.709999,26.66,27.48,26.115459,960700
2016-03-30,27.49,27.82,27.32,27.66,26.286522,745300
2016-03-31,27.49,27.870001,27.18,27.83,26.448078,1197000
2016-04-01,27.83,29.030001,27.59,29,27.559984,1714100
2016-04-04,29.01,29.17,28.280001,28.790001,27.360413,975600
2016-04-05,28.49,28.67,28.23,28.389999,26.980272,728400
2016-04-06,28.540001,29.120001,28.139999,29.030001,27.588495,865500
2016-04-07,28.809999,29.059999,28.5,28.91,27.474453,706400
2016-04-08,28.98,29.15,28.629999,28.950001,27.512466,935200
2016-04-11,28.83,29.200001,28.440001,28.49,27.075308,907000
2016-04-12,28.52,29.209999,28.200001,29.18,27.731047,583300
2016-04-13,29.65,29.950001,29.360001,29.809999,28.329762,781800
2016-04-14,29.85,30.59,29.43,29.58,28.111185,1492300
2016-04-15,29.719999,30.66,29.58,30.59,29.071032,2410500
2016-04-18,29.690001,30.450001,29.6,30.370001,28.861954,1298700
2016-04-19,30.360001,30.59,29.9,30,28.510328,693200
2016-04-20,30.02,30.08,29.719999,29.959999,28.472313,490200
2016-04-21,29.84,30.17,29.6,29.700001,28.225227,844700
2016-04-22,29.5,29.73,28.559999,29.51,28.044659,1086800
2016-04-25,29.23,30.01,29.059999,29.799999,28.320259,1011500
2016-04-26,29.940001,29.940001,29.41,29.629999,28.158699,642000
2016-04-27,29.66,30.110001,28.879999,29.98,28.491322,883500
2016-04-28,29.959999,30.25,29.879999,30.030001,28.538839,1192100
2016-04-29,29.860001,30.6,29.790001,30.4,28.890463,824900
2016-05-02,30.790001,31.6,30.200001,31.059999,29.517691,2193600
2016-05-03,30.52,30.700001,28.200001,28.35,26.942261,3612600
2016-05-04,28,28.459999,27.07,27.280001,25.925394,2152000
2016-05-05,27.15,27.42,26.799999,26.99,25.649792,1750700
2016-05-06,26.780001,27.34,26.73,26.860001,25.526247,1698500
2016-05-09,26.860001,26.98,26.41,26.6,25.27916,673200
2016-05-10,26.719999,26.959999,26.51,26.950001,25.611776,1515100
2016-05-11,26.84,26.870001,26.08,26.200001,24.899019,864300
2016-05-12,26.219999,27.190001,25.459999,25.870001,24.585405,1668900
2016-05-13,25.780001,26.17,25.299999,25.5,24.23378,644600
2016-05-16,25.41,25.719999,25.25,25.49,24.224276,651300
2016-05-17,25.49,26.280001,25.4,26,24.708948,2093700
2016-05-18,25.91,26.07,25.24,25.290001,24.034206,684900
2016-05-19,25.4,25.450001,25.02,25.129999,23.882151,647200
2016-05-20,25.299999,25.299999,24.82,25.209999,23.958176,1825700
2016-05-23,25.17,25.940001,24.9,25.780001,24.499876,947700
2016-05-24,25.780001,26.379999,25.780001,26.059999,24.76597,572200
2016-05-25,26.190001,26.309999,25.690001,25.75,24.471367,945500
2016-05-26,25.98,26.360001,25.76,26.1,24.803986,792500
2016-05-27,26.24,26.360001,25.809999,26.26,24.956039,634200
2016-05-31,26.639999,26.84,26.040001,26.34,25.032068,1293500
2016-06-01,26.32,26.719999,26.129999,26.59,25.269651,722800
2016-06-02,26.629999,27,26.440001,26.83,25.497734,592800
2016-06-03,26.639999,26.790001,26.190001,26.27,24.965544,695000
2016-06-06,26.43,26.879999,26.139999,26.84,25.50724,1502800
2016-06-07,26.299999,26.860001,26.299999,26.360001,25.051073,809000
2016-06-08,26.459999,26.459999,26.139999,26.309999,25.003557,752700
2016-06-09,26.200001,26.75,26.030001,26.719999,25.393198,715100
2016-06-10,26.43,26.99,26.290001,26.889999,25.554756,1776400
2016-06-13,26.940001,27.07,26.1,26.360001,25.051073,1415800
2016-06-14,26.18,26.52,26.02,26.51,25.193626,664400
2016-06-15,26.5,26.85,26.299999,26.4,25.08909,1143300
2016-06-16,26.35,26.700001,26.190001,26.25,24.946535,1181600
2016-06-17,26.309999,26.65,26.08,26.25,24.946535,1604500
2016-06-20,26.32,26.780001,26.309999,26.33,25.022564,582200
2016-06-21,26.299999,26.84,26.24,26.370001,25.060577,941700
2016-06-22,26.469999,26.82,26.290001,26.51,25.193626,662800
2016-06-23,26.559999,26.860001,26.49,26.73,25.402702,591500
2016-06-24,26.120001,26.389999,25.23,25.360001,24.100731,2872000
2016-06-27,25.26,25.549999,24.74,25.34,24.081722,1430500
2016-06-28,25.540001,25.77,25.110001,25.35,24.091228,814000
2016-06-29,25.370001,26.139999,25.35,25.709999,24.43335,563300
2016-06-30,25.610001,26.040001,25.379999,25.99,24.699446,1108400
2016-07-01,26.34,26.549999,26.02,26.219999,24.918026,814700
2016-07-05,25.950001,26.639999,25.73,26.18,24.880013,646800
2016-07-06,26.18,26.32,25.809999,26.200001,24.899019,1128100
2016-07-07,26.379999,26.5,26.08,26.440001,25.127102,740900
2016-07-08,26.540001,27.27,26.33,27.139999,25.792343,997100
2016-07-11,26.950001,27.25,26.92,27.09,25.744825,475600
2016-07-12,27.01,27.299999,26.950001,27.219999,25.868368,805900
2016-07-13,27.360001,27.450001,27.1,27.27,25.915888,530000
2016-07-14,27.27,27.58,27.25,27.41,26.048937,880800
2016-07-15,27.309999,27.780001,27.200001,27.6,26.229504,972800
2016-07-18,27.709999,27.98,27.549999,27.700001,26.324537,696000
2016-07-19,27.5,27.6,27.200001,27.299999,25.944397,394300
2016-07-20,27.09,27.35,27.01,27.129999,25.782839,446100
2016-07-21,27,27.139999,26.6,26.620001,25.298166,699700
2016-07-22,26.610001,26.780001,26.33,26.6,25.27916,598400
2016-07-25,26.719999,26.959999,26.530001,26.700001,25.374195,469800
2016-07-26,26.76,27.110001,26.68,27.059999,25.716316,352600
2016-07-27,26.98,27.120001,26.58,26.76,25.431211,319600
2016-07-28,26.77,26.85,26.540001,26.6,25.27916,456500
2016-07-29,26.57,26.940001,26.52,26.870001,25.535751,492200
2016-08-01,27.09,28,26.690001,26.91,25.573763,667500
2016-08-02,26.940001,27.32,26.74,26.860001,25.526247,463300
2016-08-03,26.85,27.139999,26.27,27.09,25.744825,411400
2016-08-04,27.379999,27.790001,27.110001,27.190001,25.839861,942800
2016-08-05,27.32,27.73,27.32,27.639999,26.267513,967800
2016-08-08,27.65,28.58,27.610001,28.01,26.619144,1084900
2016-08-09,28.07,28.16,27.65,27.65,26.537561,1124400
2016-08-10,27.75,28.280001,27.65,27.99,26.863884,793200
2016-08-11,27.959999,29.09,27.91,28.950001,27.785259,992600
2016-08-12,29,29.59,28.74,28.969999,27.804455,1561500
2016-08-15,28.84,30.129999,28.74,29.75,28.553072,1526300
2016-08-16,29.959999,30.110001,27.18,28.280001,27.142216,2793500
2016-08-17,28.33,28.780001,27.09,27.709999,26.595146,2398600
2016-08-18,27.5,28.84,27.5,28.58,27.430147,1741500
2016-08-19,28.559999,28.99,28.540001,28.67,27.516525,1715500
2016-08-22,28.75,29.299999,28.75,28.91,27.746868,997600
2016-08-23,28.91,29,28.18,28.24,27.103823,813100
2016-08-24,28.26,28.4,27.75,27.809999,26.691124,714100
2016-08-25,28.33,28.860001,27.469999,27.639999,26.527964,1322700
2016-08-26,27.73,27.790001,26.73,27.530001,26.422392,1522100
2016-08-29,27.040001,27.98,26.950001,27.450001,26.345608,779100
2016-08-30,27.700001,27.84,27.07,27.27,26.17285,1027900
2016-08-31,27.290001,27.309999,26.860001,26.950001,25.865726,1018300
2016-09-01,26.639999,26.799999,25.549999,25.709999,24.675613,3146800
2016-09-02,25.99,26.6,25.08,26.43,25.366646,3146700
2016-09-06,26.629999,26.629999,25.75,25.879999,24.838772,2724800
2016-09-07,25.959999,26,24.870001,25.1,24.090157,3614800
2016-09-08,25.33,25.33,24.49,24.780001,23.783033,4132000
2016-09-09,24.67,24.67,24.17,24.25,23.274353,3614800
2016-09-12,24.690001,24.719999,24.1,24.549999,23.562283,3643500
2016-09-13,24.32,24.5,24.01,24.139999,23.168777,5380100
2016-09-14,24.059999,24.290001,23.950001,24.09,23.12079,8344300
2016-09-15,24.09,24.370001,24.09,24.33,23.351133,8303900
2016-09-16,24.23,24.51,24.190001,24.48,23.495098,11301800
2016-09-19,24.809999,24.889999,23.889999,24.02,23.053606,12429500
2016-09-20,23.98,24.24,23.83,24.09,23.12079,20271000
2016-09-21,24.1,24.24,23.57,23.85,22.890448,22293300
2016-09-22,23.85,23.98,23.459999,23.73,22.775276,18809100
2016-09-23,23.83,24,23.379999,23.389999,22.448954,14852600
2016-09-26,23.75,23.809999,23.059999,23.57,22.621714,18679900
2016-09-27,23.58,23.85,23.309999,23.450001,22.50654,19458800
2016-09-28,23.940001,24,23.549999,23.82,22.861654,39976800
2016-09-29,23.9,23.950001,23.08,23.08,22.151426,22324100
2016-09-30,23.43,23.76,23.120001,23.5,22.554527,68491900
2016-10-03,23.790001,24.02,23.41,23.790001,22.832861,23433300
2016-10-04,24,24.120001,23.790001,23.98,23.015217,28390600
2016-10-05,24.040001,25.1,24.030001,25.1,24.090157,59087000
2016-10-06,25,25.34,24.68,24.76,23.763836,23336600
2016-10-07,24.74,24.74,23.5,23.610001,22.660103,86269300
2016-10-10,23.57,23.620001,22.790001,22.91,21.988264,30272200
2016-10-11,22.92,23.059999,22.639999,22.959999,22.036251,16986500
2016-10-12,23,23.51,22.93,23.370001,22.429758,16445600
2016-10-13,23.280001,23.700001,23.23,23.48,22.535332,17056300
2016-10-14,23.530001,23.74,23.23,23.34,22.400965,9866500
2016-10-17,23.450001,23.58,23.309999,23.389999,22.448954,10335500
2016-10-18,23.639999,23.639999,23.07,23.43,22.487341,8430100
2016-10-19,23.360001,23.59,23.209999,23.549999,22.602518,11421900
2016-10-20,23.540001,23.67,23.290001,23.379999,22.439356,10010000
2016-10-21,23.299999,23.32,22.77,23,22.074646,10782500
2016-10-24,22.99,23.120001,22.540001,22.76,21.844299,10130900
2016-10-25,22.790001,23.139999,22.690001,23.110001,22.180222,8189000
2016-10-26,23.1,23.24,22.74,22.93,22.007462,5821900
2016-10-27,23,23,22.51,22.719999,21.80591,7973600
2016-10-28,22.780001,23.07,22.73,22.9,21.978668,4914500
2016-10-31,22.9,23.02,22.73,22.99,22.065046,6043700
2016-11-01,23.110001,23.110001,22.219999,22.43,21.527576,7877100
2016-11-02,22.42,22.42,22.09,22.25,21.354818,11321500
2016-11-03,22.23,22.459999,22.18,22.35,21.450796,6759100
2016-11-04,22.309999,22.32,21.799999,21.889999,21.009304,7192100
2016-11-07,22.01,22.32,21.889999,22.209999,21.316427,6975900
2016-11-08,22.209999,22.27,21.84,21.889999,21.009304,11109500
2016-11-09,19.379999,19.9,18.48,19.65,18.859425,25743200
2016-11-10,19.940001,19.969999,18.459999,18.549999,17.803682,16364900
2016-11-11,18.459999,19.290001,18.280001,18.66,17.909256,11367100
2016-11-14,18.84,18.84,18.040001,18.24,17.506151,12127500
2016-11-15,18.25,18.370001,18.01,18.26,17.525349,6572900
2016-11-16,18.17,18.389999,17.969999,18.35,17.611727,5694600
2016-11-17,18.440001,18.66,18.290001,18.6,17.851671,5341900
2016-11-18,18.9,18.969999,18.59,18.75,17.995636,6608400
2016-11-21,18.75,19.73,18.75,19.450001,18.667471,9497800
2016-11-22,19.450001,19.74,19.23,19.709999,18.917011,7520800
2016-11-23,19.73,19.959999,19.530001,19.82,19.022583,5808700
2016-11-25,19.969999,19.99,19.6,19.879999,19.080172,2021800
2016-11-28,20.01,20.01,19.73,19.75,18.9554,8169700
2016-11-29,19.77,19.82,19.49,19.549999,18.763447,7660800
2016-11-30,19.67,19.73,18.59,18.709999,17.957241,8449600
2016-12-01,18.870001,18.950001,18.01,18.08,17.352591,7810300
2016-12-02,18.09,18.450001,17.940001,18.09,17.362188,9427800
2016-12-05,18.209999,18.65,18.190001,18.530001,17.784485,6693700
2016-12-06,18.610001,18.879999,18.5,18.780001,18.024429,6080900
2016-12-07,18.799999,19.07,18.559999,18.780001,18.024429,7952300
2016-12-08,18.879999,19.23,18.719999,19.07,18.302759,9831000
2016-12-09,19.17,19.370001,19.01,19.16,18.389137,12847500
2016-12-12,19.190001,19.25,18.559999,18.59,17.842072,5449400
2016-12-13,18.6,18.959999,18.559999,18.860001,18.10121,6942600
2016-12-14,18.92,18.940001,18.530001,18.620001,17.870865,7081800
2016-12-15,18.459999,18.559999,18.139999,18.35,17.730755,4983700
2016-12-16,18.540001,18.799999,18.440001,18.690001,18.059284,10105700
2016-12-19,18.77,19.120001,18.610001,18.76,18.126923,4191600
2016-12-20,18.790001,18.969999,18.4,18.67,18.039961,4310700
2016-12-21,18.73,18.91,18.66,18.76,18.126923,4488200
2016-12-22,18.77,18.83,18.58,18.73,18.097935,6049700
2016-12-23,18.700001,18.889999,18.65,18.67,18.039961,2374800
2016-12-27,18.709999,18.969999,18.639999,18.76,18.126923,2996200
2016-12-28,18.790001,18.790001,18.43,18.49,17.866032,2798200
2016-12-29,18.459999,18.540001,18.35,18.41,17.788731,2510900
2016-12-30,18.5,18.52,18.219999,18.309999,17.692106,3677900
2017-01-03,18.450001,18.809999,18.379999,18.67,18.039961,4506000
2017-01-04,18.709999,19.110001,18.68,19,18.358822,6046600
2017-01-05,18.9,19.01,18.73,18.91,18.27186,3648600
2017-01-06,18.940001,19.139999,18.75,19.08,18.436123,4649600
2017-01-09,18.9,19.02,18.799999,18.85,18.213886,3925300
2017-01-10,18.860001,19.040001,18.82,18.959999,18.320171,3289000
2017-01-11,18.9,19.030001,18.51,18.58,17.952997,5322300
2017-01-12,18.549999,18.639999,18.43,18.540001,17.914347,3907100
2017-01-13,18.59,18.799999,18.59,18.719999,18.088272,6267700
2017-01-17,18.83,19.32,18.790001,19.1,18.45545,9010200
2017-01-18,19.18,19.34,18.870001,18.93,18.291185,3881100
2017-01-19,18.93,18.940001,18.530001,18.6,17.972322,6316400
2017-01-20,18.719999,19.1,18.709999,19.02,18.378147,5987200
2017-01-23,19.030001,19.08,18.66,18.76,18.126923,6940000
2017-01-24,18.780001,19.07,18.610001,19,18.358822,7578900
2017-01-25,19.120001,19.57,19.030001,19.530001,18.870937,10814600
2017-01-26,19.469999,19.809999,19.280001,19.57,18.909588,10684300
2017-01-27,19.59,19.639999,19.32,19.5,18.841951,4688000
2017-01-30,19.4,19.540001,18.73,18.85,18.213886,4702900
2017-01-31,18.85,19.25,18.700001,19.200001,18.552074,4376200
2017-02-01,19.120001,19.25,18.629999,18.940001,18.300846,5204800
2017-02-02,18.940001,19.41,18.92,19.33,18.677685,4123700
2017-02-03,19.4,19.549999,19.27,19.4,18.745323,3290900
2017-02-06,19.32,19.4,19.190001,19.280001,18.629374,6671400
2017-02-07,19.370001,19.620001,19.370001,19.52,18.861277,4219900
2017-02-08,19.52,20.09,19.459999,20.040001,19.363728,6080400
2017-02-09,20.040001,20.040001,18.120001,18.32,17.701769,22629200
2017-02-10,18.35,18.6,18.26,18.280001,17.66312,15835300
2017-02-13,18.280001,18.5,18.25,18.370001,17.750082,8591900
2017-02-14,18.42,19.280001,18.42,19.27,18.619711,9938500
2017-02-15,19.389999,19.860001,19.370001,19.77,19.102839,8111700
2017-02-16,19.83,19.91,18.67,18.690001,18.059284,7642400
2017-02-17,18.76,19.07,18.67,18.889999,18.252533,4209800
2017-02-21,19.17,19.360001,19.059999,19.16,18.513422,4355000
2017-02-22,19.200001,19.27,18.75,18.84,18.204224,4108200
2017-02-23,18.91,19.030001,18.75,18.82,18.184898,3969400
2017-02-24,18.74,18.879999,18.379999,18.66,18.150852,3413100
2017-02-27,18.530001,18.76,18.450001,18.75,18.238396,3356600
2017-02-28,18.799999,19,18.709999,18.780001,18.267578,3154500
2017-03-01,18.879999,19.43,18.860001,19.370001,18.84148,5680700
2017-03-02,19.35,19.35,18.700001,18.709999,18.19949,5559200
2017-03-03,18.75,18.799999,18.33,18.74,18.22867,4601000
2017-03-06,18.629999,18.959999,18.610001,18.93,18.413486,4268200
2017-03-07,19,19,18.5,18.799999,18.287031,4238400
2017-03-08,18.879999,18.940001,18.639999,18.74,18.22867,2988600
2017-03-09,18.780001,18.85,18.549999,18.690001,18.180033,1952300
2017-03-10,18.719999,19.299999,18.709999,19.1,18.578846,3664100
2017-03-13,19.040001,19.25,18.99,19.200001,18.676117,2807600
2017-03-14,19.120001,19.27,18.92,18.93,18.413486,3482500
2017-03-15,19,19.26,18.799999,19.139999,18.617754,4043800
2017-03-16,19.16,19.360001,19.129999,19.309999,18.783115,4522400
2017-03-17,19.41,19.57,19.290001,19.43,18.899841,9943500
2017-03-20,19.41,19.450001,19.07,19.15,18.627481,4131900
2017-03-21,19.049999,19.110001,18.48,18.530001,18.024401,7020000
2017-03-22,18.57,18.629999,18.24,18.379999,17.87849,3479300
2017-03-23,18.42,18.57,18.35,18.389999,17.88822,3226400
2017-03-24,18.370001,18.68,18.34,18.469999,17.966034,3308600
2017-03-27,18.290001,18.440001,18.190001,18.26,17.761766,4680300
2017-03-28,18.24,18.65,18.17,18.57,18.063307,4704100
2017-03-29,18.559999,18.639999,18.450001,18.58,18.073036,1719300
2017-03-30,18.52,18.52,18.200001,18.219999,17.722857,2868300
2017-03-31,18.25,18.379999,18.129999,18.129999,17.635313,4469900
2017-04-03,18.219999,18.26,17.52,17.74,17.255955,7006200
2017-04-04,17.75,17.75,17.1,17.18,16.711233,9165900
2017-04-05,17.190001,17.559999,17.030001,17.16,16.69178,4124700
2017-04-06,17.15,17.33,16.98,17.290001,16.818233,4194500
2017-04-07,17.25,17.25,16.969999,17.049999,16.58478,4173900
2017-04-10,17.049999,17.290001,16.950001,17.209999,16.740416,4393400
2017-04-11,17.15,17.4,16.959999,17.379999,16.905775,6212800
2017-04-12,17.25,17.700001,17.16,17.6,17.119776,4718100
2017-04-13,17.559999,17.93,17.440001,17.889999,17.401861,9434900
2017-04-17,17.9,18.17,17.75,18.15,17.654766,5037200
2017-04-18,18.129999,18.5,18.120001,18.41,17.907673,5801800
2017-04-19,18.43,18.65,17.99,17.99,17.499134,7556900
2017-04-20,18.049999,18.07,17.620001,17.9,17.411589,4053900
2017-04-21,17.879999,17.9,17.530001,17.6,17.119776,2976900
2017-04-24,17.75,17.969999,17.74,17.83,17.343498,3087300
2017-04-25,17.99,18.23,17.85,18.219999,17.722857,4189800
2017-04-26,18.23,18.309999,18.049999,18.120001,17.625587,3158600
2017-04-27,18.23,18.290001,17.99,18.01,17.518587,2720700
2017-04-28,18,18,17.610001,17.85,17.362953,4706100
2017-05-01,17.92,18.27,17.790001,18.120001,17.625587,4213700
2017-05-02,18.08,18.4,18.01,18.059999,17.567223,2795000
2017-05-03,18.1,18.219999,17.959999,18.110001,17.615858,3271400
2017-05-04,18.1,18.530001,18.01,18.33,17.829855,3291700
2017-05-05,18.389999,18.440001,17.889999,18.07,17.57695,6963400
2017-05-08,18.07,18.35,17.959999,18.02,17.528315,11549900
2017-05-09,17.99,18.129999,17.77,17.83,17.343498,7138000
2017-05-10,19.15,20.51,19.09,19.950001,19.405653,22473000
2017-05-11,19.969999,20,19.299999,19.6,19.065205,6712900
2017-05-12,19.6,19.68,19.18,19.58,19.045752,4256000
2017-05-15,19.620001,19.700001,19.17,19.17,18.646936,4232300
2017-05-16,19.27,19.309999,18.85,18.870001,18.355124,5461500
2017-05-17,18.870001,18.940001,18.629999,18.66,18.150852,4529800
2017-05-18,18.6,18.68,18.23,18.629999,18.12167,5122600
2017-05-19,18.66,19.01,18.48,18.75,18.238396,3198300
2017-05-22,18.73,18.969999,18.73,18.809999,18.296759,3128300
2017-05-23,18.83,19.1,18.809999,18.98,18.46212,3374600
2017-05-24,18.99,19,18.77,18.9,18.384302,2638100
2017-05-25,18.99,19.040001,18.690001,18.73,18.218943,3802500
2017-05-26,18.790001,19.16,18.790001,19.059999,18.664501,3887600
2017-05-30,19.059999,19.09,18.860001,18.870001,18.478445,3135800
2017-05-31,18.93,19.059999,18.74,18.940001,18.546991,3796200
2017-06-01,19.08,19.35,18.93,19.32,18.919106,5596900
2017-06-02,19.33,19.42,19.059999,19.09,18.693878,2818600
2017-06-05,19.15,19.200001,18.879999,19.01,18.615538,2412600
2017-06-06,18.950001,19.120001,18.83,19.08,18.684086,2845900
2017-06-07,19.030001,19.120001,18.77,18.83,18.439274,2443600
2017-06-08,18.83,18.99,18.43,18.49,18.106327,6022100
2017-06-09,18.620001,18.790001,18.48,18.74,18.351141,4074500
2017-06-12,18.76,19.66,18.75,19.299999,18.899521,5650400
2017-06-13,19.299999,19.35,18.969999,19.34,18.93869,3712100
2017-06-14,19.42,19.48,19.18,19.209999,18.811388,5050200
2017-06-15,19.18,19.299999,18.93,19,18.605747,3654800
2017-06-16,19,19.1,18.83,19.049999,18.654707,4211900
2017-06-19,19.09,19.42,19.049999,19.309999,18.909313,5472900
2017-06-20,19.27,19.370001,19.030001,19.059999,18.664501,4936300
2017-06-21,19.110001,19.120001,18.82,18.98,18.586161,3578800
2017-06-22,18.99,19.219999,18.74,19.08,18.684086,2748600
2017-06-23,19.08,19.23,18.959999,19.139999,18.74284,6349000
2017-06-26,19.139999,19.24,19.09,19.200001,18.801596,1996400
2017-06-27,19.139999,19.18,18.82,18.82,18.429482,3759300
2017-06-28,18.950001,19.09,18.799999,18.809999,18.419689,2918600
2017-06-29,18.83,18.92,18.540001,18.9,18.50782,4761100
2017-06-30,18.969999,19.08,18.719999,18.76,18.370726,4057700
2017-07-03,18.809999,19.25,18.76,19.139999,18.74284,1524600
2017-07-05,19.1,19.24,18.75,18.860001,18.468651,2589600
2017-07-06,18.790001,18.879999,18.629999,18.790001,18.400105,5870400
2017-07-07,18.870001,19.030001,18.75,18.790001,18.400105,5807400
2017-07-10,18.82,18.889999,18.35,18.43,18.047575,3569300
2017-07-11,18.4,18.43,18.120001,18.219999,17.841932,5823900
2017-07-12,18.35,18.4,18.040001,18.15,17.773384,3253700
2017-07-13,18.139999,18.34,18.07,18.26,17.8811,2163200
2017-07-14,18.33,18.41,18.280001,18.379999,17.99861,3766800
2017-07-17,18.360001,18.559999,18.25,18.440001,18.057367,3279800
2017-07-18,18.42,18.639999,18.379999,18.5,18.116121,2720700
2017-07-19,18.48,18.719999,18.48,18.700001,18.311974,2170700
2017-07-20,18.790001,18.959999,18.65,18.889999,18.498028,3046200
2017-07-21,18.85,18.950001,18.799999,18.92,18.527407,2223700
2017-07-24,18.950001,19.209999,18.85,19.18,18.782011,4870600
2017-07-25,19.219999,19.82,19.18,19.530001,19.124748,4167700
2017-07-26,19.549999,19.950001,19.49,19.809999,19.398939,4559500
2017-07-27,19.82,20.34,19.73,20.34,19.91794,7277000
2017-07-28,20.219999,20.879999,20.110001,20.540001,20.113792,7421900
2017-07-31,20.559999,20.690001,20.23,20.48,20.055037,10616600
2017-08-01,20.43,20.469999,19.940001,20.23,19.810223,7469200
2017-08-02,20.129999,20.25,20.01,20.18,19.761261,2234100
2017-08-03,20.18,20.280001,19.879999,19.93,19.516447,5900300
2017-08-04,19.93,19.99,19.49,19.709999,19.301014,3462800
2017-08-07,19.719999,20.059999,19.66,20.040001,19.624166,2567400
2017-08-08,20.01,20.040001,19.860001,19.9,19.487072,3629900
2017-08-09,19.879999,19.950001,19.700001,19.860001,19.447901,3152900
2017-08-10,19.780001,19.85,19.42,19.459999,19.0562,4896200
2017-08-11,19.4,19.76,19.389999,19.48,19.075787,2574600
2017-08-14,19.610001,19.950001,19.549999,19.700001,19.291222,4429600
2017-08-15,19.66,19.73,19.549999,19.559999,19.154125,2611000
2017-08-16,19.59,19.73,19.299999,19.67,19.261843,3550400
2017-08-17,19.6,19.690001,19.15,19.16,18.762426,4455500
2017-08-18,19.27,19.299999,19.049999,19.23,18.830973,10519200
2017-08-21,19.139999,19.549999,19.030001,19.549999,19.144331,8521500
2017-08-22,17.48,18,16.08,17.709999,17.342512,46107600
2017-08-23,17.43,17.469999,16.209999,16.74,16.392643,26183900
2017-08-24,16.790001,16.790001,15.83,16.24,15.903017,16644300
2017-08-25,16.25,16.559999,16.1,16.4,16.059694,10229700
2017-08-28,16.4,16.48,16.01,16.09,15.756129,6945300
2017-08-29,16.459999,16.68,16.26,16.51,16.167414,9445900
2017-08-30,16.049999,16.68,16.049999,16.530001,16.31049,8595600
2017-08-31,16.540001,16.75,16.5,16.58,16.359825,6093400
2017-09-01,16.6,16.719999,16.48,16.549999,16.330223,4785400
2017-09-05,16.57,16.57,16.190001,16.370001,16.152615,4286800
2017-09-06,16.4,16.559999,16.26,16.49,16.271019,5378200
2017-09-07,16.549999,16.639999,16.24,16.35,16.132879,5454800
2017-09-08,16.32,16.48,16.25,16.469999,16.251286,4396900
2017-09-11,16.530001,16.889999,16.530001,16.719999,16.497965,3333000
2017-09-12,16.780001,17.059999,16.719999,17.059999,16.83345,4450900
2017-09-13,17.059999,17.25,17,17.17,16.94199,4663500
2017-09-14,17.030001,17.26,17.01,17.16,16.932123,9663900
2017-09-15,17.17,17.200001,16.82,16.860001,16.636106,7764000
2017-09-18,16.860001,17.01,16.75,16.93,16.705177,4365800
2017-09-19,16.84,16.950001,16.52,16.620001,16.399294,5187300
2017-09-20,16.66,16.67,16.42,16.65,16.428894,6571100
2017-09-21,16.67,16.67,16,16,15.787526,6685000
2017-09-22,16.049999,16.16,15.95,16.15,15.935534,9265300
2017-09-25,16.17,16.299999,16.059999,16.24,16.02434,5927600
2017-09-26,16.24,16.43,16.120001,16.280001,16.06381,3833500
2017-09-27,16.35,16.49,16.15,16.309999,16.093409,5662500
2017-09-28,16.25,16.440001,16.110001,16.15,15.935534,4858500
2017-09-29,16.200001,16.639999,16.200001,16.530001,16.31049,3359300
2017-10-02,16.540001,16.85,16.540001,16.65,16.428894,3178300
2017-10-03,16.74,16.790001,16.65,16.719999,16.497965,3222100
2017-10-04,16.719999,16.870001,16.629999,16.639999,16.419027,3190000
2017-10-05,16.65,16.950001,16.639999,16.9,16.675573,3241200
2017-10-06,16.889999,17.08,16.75,16.879999,16.65584,3871500
2017-10-09,17,17.01,16.719999,16.75,16.527567,2160600
2017-10-10,16.83,16.9,16.620001,16.809999,16.586769,2853100
2017-10-11,16.799999,16.969999,16.75,16.85,16.62624,2838200
2017-10-12,16.780001,16.85,16.57,16.76,16.537436,2675900
2017-10-13,16.77,17.209999,16.77,17.059999,16.83345,2643800
2017-10-16,17,17.09,16.809999,16.83,16.606504,4069900
2017-10-17,16.709999,16.73,15.99,16,15.787526,8238200
2017-10-18,16,16.040001,15.33,15.76,15.550714,10949400
2017-10-19,15.75,15.84,15.48,15.83,15.619783,5243100
2017-10-20,15.85,15.98,15.76,15.85,15.639519,4336800
2017-10-23,15.88,16.08,15.42,15.45,15.24483,6725500
2017-10-24,15.53,15.55,15.29,15.35,15.146158,6915700
2017-10-25,15.26,15.38,15.16,15.25,15.047486,4129300
2017-10-26,15.4,15.47,15.22,15.24,15.03762,3305900
2017-10-27,15.23,15.23,14.81,14.91,14.712001,4972600
2017-10-30,14.87,15.06,14.81,14.97,14.771205,3463900
2017-10-31,15.03,15.43,14.99,15.4,15.195494,4555800
2017-11-01,15.48,15.56,15.17,15.31,15.106689,5365100
2017-11-02,15.21,15.21,14.43,14.46,14.267977,10957000
2017-11-03,14.45,14.64,14.24,14.36,14.169305,8917600
2017-11-06,14.38,14.86,14.38,14.52,14.327181,7172100
2017-11-07,14.56,14.77,14.37,14.45,14.25811,5334500
2017-11-08,14.51,14.89,14.48,14.76,14.563993,7242500
2017-11-09,16.860001,17.889999,16.33,16.799999,16.576902,23411200
2017-11-10,16.35,16.559999,15.79,16.309999,16.093409,9268000
2017-11-13,16.280001,16.889999,16.209999,16.75,16.527567,8026400
2017-11-14,16.74,17.1,16.629999,16.950001,16.724913,7131300
2017-11-15,16.9,17.139999,16.690001,16.82,16.596636,8655900
2017-11-16,16.99,17.049999,16.73,16.85,16.62624,5428500
2017-11-17,16.809999,17.18,16.809999,17.049999,16.823582,6776900
2017-11-20,17.15,17.290001,16.93,17.1,16.872919,3835300
2017-11-21,17.129999,17.16,16.84,16.870001,16.645975,4238600
2017-11-22,16.889999,17.1,16.82,16.98,16.754511,3266500
2017-11-24,17,17.08,16.9,17,16.774246,1062600
2017-11-27,16.98,17.059999,16.709999,17,16.774246,4980500
2017-11-28,16.98,17.209999,16.91,17.200001,16.971592,5440200
2017-11-29,17.110001,17.42,17.030001,17.09,16.9865,3870200
2017-11-30,17.17,17.299999,17.07,17.23,17.125652,5098600
2017-12-01,17.23,17.299999,16.690001,17.049999,16.946741,5982700
2017-12-04,17.23,17.639999,17.129999,17.559999,17.453653,6280100
2017-12-05,17.57,17.700001,17.309999,17.639999,17.533169,5659500
2017-12-06,17.639999,17.799999,17.540001,17.629999,17.523228,4449200
2017-12-07,17.559999,17.77,17.559999,17.6,17.493412,3986700
2017-12-08,17.620001,17.809999,17.42,17.780001,17.672321,3912900
2017-12-11,17.77,17.91,17.6,17.91,17.801533,4605000
2017-12-12,18.309999,18.77,18.299999,18.620001,18.507235,7852600
2017-12-13,18.68,19.48,18.66,19.42,19.302389,7893400
2017-12-14,19.51,19.709999,19.309999,19.540001,19.421663,3854400
2017-12-15,19.59,19.879999,19.540001,19.780001,19.66021,8112200
2017-12-18,19.83,19.860001,19.610001,19.700001,19.580694,5481900
2017-12-19,19.700001,19.83,19.34,19.379999,19.26263,4555800
2017-12-20,19.4,19.540001,19.219999,19.450001,19.332209,3627900
2017-12-21,19.9,20.040001,19.67,19.75,19.63039,4026200
2017-12-22,19.92,20.040001,19.77,19.93,19.809301,2046600
2017-12-26,19.91,20.309999,19.91,20.15,20.027967,1973200
2017-12-27,20.18,20.26,19.74,19.85,19.729786,2723300
2017-12-28,19.83,20.09,19.82,20.07,19.948452,2753000
2017-12-29,20.07,20.1,19.879999,19.889999,19.769543,2760200
2018-01-02,19.950001,20.07,19.85,19.879999,19.759602,3561800
2018-01-03,19.889999,19.92,19.629999,19.77,19.65027,4152600
2018-01-04,19.969999,20.129999,19.700001,20.08,19.958391,3222300
2018-01-05,20.09,20.43,19.91,20.4,20.276453,3206200
2018-01-08,20.309999,20.48,20.17,20.32,20.196938,3212600
2018-01-09,20.27,20.68,20.139999,20.59,20.465303,2680500
2018-01-10,20.459999,20.540001,20.299999,20.52,20.395727,3590100
2018-01-11,20.559999,20.690001,20.370001,20.52,20.395727,3170600
2018-01-12,20.51,20.809999,20.48,20.780001,20.654154,2043000
2018-01-16,20.84,21.18,20.27,20.4,20.276453,5880700
2018-01-17,20.610001,20.93,20.459999,20.700001,20.574638,2943700
2018-01-18,20.57,20.620001,19.969999,20.01,19.888815,3991600
2018-01-19,20.09,20.559999,20.049999,20.530001,20.405666,4254700
2018-01-22,20.58,20.98,20.58,20.889999,20.763485,3168300
2018-01-23,20.92,20.959999,20.450001,20.77,20.644213,3976400
2018-01-24,20.85,20.950001,20.290001,20.379999,20.256575,6571800
2018-01-25,20.4,20.41,20.120001,20.25,20.127361,4167300
2018-01-26,20.219999,20.370001,19.969999,20.219999,20.097544,4444100
2018-01-29,20.15,20.219999,19.690001,19.700001,19.580694,4706000
2018-01-30,19.67,19.93,19.41,19.690001,19.570755,4099000
2018-01-31,19.700001,19.84,19.49,19.610001,19.49124,4670000
2018-02-01,19.549999,19.559999,18.639999,18.860001,18.745781,7430300
2018-02-02,18.799999,18.85,18.030001,18.049999,17.940685,6702000
2018-02-05,17.9,18.120001,17.26,17.280001,17.17535,5928500
2018-02-06,16.9,17.48,16.5,17.43,17.32444,6315000
2018-02-07,17.4,17.66,17.15,17.48,17.374138,13399500
2018-02-08,19.5,20.25,19.34,19.959999,19.839117,15122200
2018-02-09,19.610001,20,18.82,19.860001,19.739725,11642100
2018-02-12,20.02,20.639999,19.98,20.42,20.296333,9902200
2018-02-13,20.35,20.76,20.309999,20.559999,20.435484,7354400
2018-02-14,20.459999,21.34,20.209999,21.25,21.121305,6381600
2018-02-15,21.530001,21.639999,21.209999,21.530001,21.399611,5027900
2018-02-16,21.42,21.6,21.27,21.450001,21.320095,5000600
2018-02-20,21.5,21.68,21.1,21.190001,21.06167,5505300
2018-02-21,21.190001,21.280001,20.790001,20.799999,20.67403,4766100
2018-02-22,20.98,21.129999,20.65,20.66,20.53488,4850700
2018-02-23,20.700001,20.93,20.290001,20.76,20.634274,5902900
2018-02-26,20.809999,20.860001,20.4,20.639999,20.514999,3267500
2018-02-27,20.540001,20.639999,19.83,19.85,19.85,3176400
2018-02-28,19.83,19.950001,19.299999,19.32,19.32,3943200
2018-03-01,19.15,19.24,18.91,19.040001,19.040001,5112900
2018-03-02,18.950001,19.48,18.870001,19.450001,19.450001,4948900
2018-03-05,19.17,19.540001,18.940001,19.34,19.34,4543500
2018-03-06,19.440001,19.530001,19.120001,19.25,19.25,4999300
2018-03-07,19.120001,19.389999,19.1,19.209999,19.209999,2734800
2018-03-08,19.299999,19.41,19.129999,19.32,19.32,2977300
2018-03-09,19.43,19.799999,19.200001,19.4,19.4,5598800
2018-03-12,19.41,19.459999,19.120001,19.190001,19.190001,2725700
2018-03-13,19.200001,19.280001,18.950001,19.200001,19.200001,3963000
2018-03-14,19.209999,19.27,18.92,18.969999,18.969999,2490700
2018-03-15,18.940001,18.940001,18.559999,18.57,18.57,3172000
2018-03-16,18.469999,18.959999,18.43,18.82,18.82,6857100
2018-03-19,18.85,19.01,18.57,18.58,18.58,5280900
2018-03-20,18.639999,18.67,18.25,18.370001,18.370001,3592200
2018-03-21,18.389999,18.540001,18.24,18.360001,18.360001,3910600
2018-03-22,18.299999,18.360001,18.129999,18.200001,18.200001,3259600
2018-03-23,18.190001,18.43,18.01,18.07,18.07,3488400
2018-03-26,18.290001,18.540001,18.219999,18.459999,18.459999,4413200
2018-03-27,18.41,18.41,18.040001,18.290001,18.290001,4399500
2018-03-28,18.389999,18.9,18.25,18.25,18.25,3971700
2018-03-29,18.4,18.59,18.26,18.299999,18.299999,4765500
2018-04-02,18.24,18.27,17.639999,17.68,17.68,5855500
2018-04-03,17.83,18.26,17.68,18.24,18.24,5875400
2018-04-04,18.120001,18.450001,18.040001,18.290001,18.290001,4738300
2018-04-05,18.34,18.66,18.27,18.450001,18.450001,3273800
2018-04-06,18.41,18.75,18.17,18.290001,18.290001,3654000
2018-04-09,18.34,18.559999,18.17,18.33,18.33,2113800
2018-04-10,18.280001,18.32,18,18.129999,18.129999,3247000
2018-04-11,18.09,18.370001,18.09,18.27,18.27,2977300
2018-04-12,18.33,18.34,17.91,18,18,2166800
2018-04-13,18.030001,18.139999,17.549999,17.66,17.66,3788100
2018-04-16,17.83,17.950001,17.639999,17.719999,17.719999,5442900
2018-04-17,17.860001,17.9,17.639999,17.83,17.83,2729600
2018-04-18,17.84,18,17.66,17.68,17.68,3920100
2018-04-19,17.459999,17.5,16.91,17.17,17.17,6949400
2018-04-20,17.1,17.129999,16.709999,16.76,16.76,5009200
2018-04-23,16.76,16.84,16.559999,16.67,16.67,4823300
4/24/2018,16.74,16.825001,16.434999,16.51,16.51,3487494
