Stock Quotes for FTV,,,,,,
Date,Open,High,Low,Close,Adj Close,Volume
2016-07-05,49.400002,54.34,48.395,48.599998,48.217468,6230700
2016-07-06,47.07,48.599998,46.290001,47.75,47.374161,6706500
2016-07-07,47.619999,48,47.345001,47.740002,47.364243,5486800
2016-07-08,47.959999,50.610001,47.529999,50.200001,49.804878,4243500
2016-07-11,49.209999,51.23,48.98,51.119999,50.717636,6042300
2016-07-12,51,51.060001,50.259998,50.57,50.171963,5552900
2016-07-13,50.57,51.099998,49.830002,50.619999,50.221569,4864700
2016-07-14,50.330002,51.740002,49.950001,51.57,51.164093,3481600
2016-07-15,51.779999,51.91,50.610001,51.23,50.826775,3689800
2016-07-18,50.77,51.580002,50.509998,51.290001,50.886292,1557500
2016-07-19,51.040001,51.560001,50.439999,51.549999,51.144253,1954700
2016-07-20,51.84,51.919998,50.009998,50.34,49.943775,3351700
2016-07-21,50.400002,50.619999,49.990002,50.240002,49.844559,3029900
2016-07-22,50,50.290001,49.290001,49.400002,49.011173,2450600
2016-07-25,49.220001,49.450001,47.860001,48.98,48.594471,3044800
2016-07-26,48.560001,49.419998,48.279999,49.279999,48.892117,1571400
2016-07-27,49.080002,49.5,48.715,48.919998,48.53495,1628600
2016-07-28,48.740002,49.09,48.345001,48.650002,48.267075,2923100
2016-07-29,48.459999,48.799999,48.009998,48.209999,47.830536,4484100
2016-08-01,48.110001,48.509998,47.59,47.799999,47.423759,2981000
2016-08-02,47.5,48.02,47.18,47.5,47.126125,3267300
2016-08-03,47.5,49.48,47.349998,49.279999,48.892117,4709900
2016-08-04,49.59,50.110001,49.48,50.029999,49.636219,2946600
2016-08-05,50.259998,50.98,50.259998,50.580002,50.181885,2665900
2016-08-08,50.630001,50.869999,49.939999,50.049999,49.656052,2116500
2016-08-09,48.73,50.529999,48.421001,50.459999,50.062828,1077900
2016-08-10,50.470001,50.799999,50.099998,50.450001,50.052902,1182400
2016-08-11,50.73,52.709999,50.700001,52.549999,52.136372,1988600
2016-08-12,52,52.869999,51.799999,52.709999,52.295124,1287800
2016-08-15,52.950001,53.77,52.860001,53.66,53.23764,1457900
2016-08-16,53.580002,53.950001,53.27,53.549999,53.128506,1002300
2016-08-17,53.669998,53.73,53.34,53.41,52.989613,1032100
2016-08-18,53.220001,53.52,52.93,53.16,52.741581,874700
2016-08-19,52.950001,52.950001,51.709999,51.919998,51.511333,1196100
2016-08-22,51.919998,52.040001,51.080002,51.259998,50.856529,1081700
2016-08-23,51.360001,52.099998,51.139999,51.900002,51.491497,2513600
2016-08-24,51.259998,51.779999,50.604,51.369999,51.034496,692800
2016-08-25,51.18,51.889999,50.98,51.619999,51.282864,1384900
2016-08-26,51.639999,52.34,51.529999,51.869999,51.531227,937600
2016-08-29,51.779999,52.790001,51.560001,52.41,52.067707,980300
2016-08-30,52.189999,53.470001,52.189999,52.610001,52.266403,952100
2016-08-31,52.470001,52.82,52,52.669998,52.326008,1653600
2016-09-01,52.959999,53.110001,52.139999,52.630001,52.286266,959400
2016-09-02,53.02,53.470001,52.810001,53.380001,53.031372,840800
2016-09-06,53.5,53.549999,52.290001,52.73,52.385616,1293800
2016-09-07,52.43,53.119999,52.02,52.939999,52.594246,1743200
2016-09-08,52.68,52.959999,52.27,52.330002,51.988232,1040600
2016-09-09,51.77,52.009998,50.549999,50.549999,50.219849,2170700
2016-09-12,50.02,51.439999,49.860001,51.209999,50.875542,1862400
2016-09-13,50.860001,51.400002,49.970001,50.040001,49.713181,1607100
2016-09-14,50.049999,50.5,49.639999,50.02,49.693317,1152300
2016-09-15,49.98,50.599998,49.5,50.490002,50.160248,1410100
2016-09-16,50.110001,50.389999,49.419998,50.259998,49.931747,2351900
2016-09-19,50.41,51.404999,50.380001,50.779999,50.448353,968800
2016-09-20,50.779999,51.080002,50.209999,50.25,49.921814,1070400
2016-09-21,50.470001,51.009998,50.220001,50.98,50.647041,850800
2016-09-22,51.349998,51.990002,51.290001,51.639999,51.302734,1649200
2016-09-23,51.299999,51.580002,50.650002,50.880001,50.547695,807200
2016-09-26,50.66,51.490002,50.299999,51.220001,50.885475,1066300
2016-09-27,51.099998,51.779999,51.049999,51.610001,51.272926,1196400
2016-09-28,51.740002,51.77,51.349998,51.720001,51.382214,905700
2016-09-29,51.09,51.610001,50.630001,50.700001,50.368874,1458100
2016-09-30,51.119999,51.27,50.279999,50.900002,50.56757,1952400
2016-10-03,50.610001,51.66,50.610001,51.389999,51.054371,1360700
2016-10-04,51.259998,51.450001,50.560001,50.810001,50.478153,1212800
2016-10-05,51.02,51.294998,50.599998,50.939999,50.607304,884500
2016-10-06,50.830002,50.970001,50.5,50.700001,50.368874,764000
2016-10-07,50.5,50.810001,49.869999,49.93,49.603905,1055600
2016-10-10,50.23,50.32,49.900002,49.950001,49.623772,1021200
2016-10-11,49.919998,50.16,49.02,49.220001,48.89854,1401900
2016-10-12,49.400002,49.400002,48.650002,48.990002,48.670044,1620000
2016-10-13,48.630001,49.68,48,48.82,48.501148,1209600
2016-10-14,49.07,49.935001,48.810001,49.459999,49.136971,872300
2016-10-17,49.560001,49.59,48.91,49.060001,48.739582,1116500
2016-10-18,49.650002,50.32,49,49.09,48.76939,1119800
2016-10-19,49.27,49.796001,48.459999,49.389999,49.067429,759900
2016-10-20,49.139999,49.18,48.439999,48.700001,48.381939,1419300
2016-10-21,48.220001,48.889999,48.130001,48.669998,48.352127,1707000
2016-10-24,48.869999,49.259998,48.360001,48.549999,48.23291,1269600
2016-10-25,48.5,48.5,47.860001,47.919998,47.607029,1279400
2016-10-26,47.799999,48.119999,47.540001,47.77,47.458008,1574700
2016-10-27,47.689999,47.689999,46.810001,47.490002,47.17984,3144200
2016-10-28,50.23,51.689999,49.73,50.209999,49.882072,3978800
2016-10-31,50.209999,51.349998,50.040001,51.049999,50.716587,1561700
2016-11-01,50.939999,51.02,49.990002,50.490002,50.160248,1775800
2016-11-02,50.450001,51.150002,50.279999,50.32,49.991356,866600
2016-11-03,50.290001,51.200001,49.990002,50.98,50.647041,1145700
2016-11-04,51.02,51.66,50.540001,51.110001,50.776196,1568200
2016-11-07,51.57,52.07,51.035,51.790001,51.451759,1413900
2016-11-08,51.880001,52.799999,51.369999,52.650002,52.306141,1088700
2016-11-09,51.990002,53.93,51.903999,53.459999,53.110851,1673900
2016-11-10,53.950001,55.34,53.695,54.200001,53.846016,1796200
2016-11-11,54.09,54.740002,53.279999,53.400002,53.051243,1431400
2016-11-14,53.66,54.060001,53.490002,53.82,53.468498,2402200
2016-11-15,53.939999,54.450001,53.689999,54.119999,53.766537,1703400
2016-11-16,53.790001,54.455002,53.709999,54.439999,54.08445,1491600
2016-11-17,54.380001,54.66,53.919998,54.5,54.144058,932400
2016-11-18,54.48,54.75,54.09,54.630001,54.273209,1214900
2016-11-21,54.25,55.16,54,54.830002,54.471901,1391300
2016-11-22,54.740002,55.77,54.560001,55.369999,55.078686,1333200
2016-11-23,55.610001,55.93,55.27,55.799999,55.506432,985100
2016-11-25,56.080002,56.150002,55.450001,55.970001,55.675537,489300
2016-11-28,56.080002,56.240002,55.32,55.59,55.297535,1054100
2016-11-29,55.360001,55.98,55.209999,55.279999,54.989162,1078000
2016-11-30,55.650002,56.154999,54.799999,54.990002,54.700691,4718900
2016-12-01,55.139999,55.209999,54,54.189999,53.904896,3325300
2016-12-02,54.290001,55.029999,54.009998,54.48,54.193375,2545400
2016-12-05,54.77,54.889999,53.57,53.91,53.626369,1420800
2016-12-06,53.970001,54.119999,53.540001,54,53.715897,2281300
2016-12-07,54,54.404999,53.41,54.240002,53.954636,3285700
2016-12-08,54.369999,54.459999,53.435001,53.68,53.397579,2203200
2016-12-09,53.509998,54.16,53.32,54,53.715897,1441400
2016-12-12,53.880001,54.369999,53.740002,53.990002,53.705956,1533200
2016-12-13,54.279999,54.450001,53.25,53.849998,53.566685,2752000
2016-12-14,53.889999,55.334999,53.869999,54.25,53.964588,1559700
2016-12-15,54.209999,55.290001,53.93,54.810001,54.521641,1578100
2016-12-16,54.860001,55.02,54.400002,54.830002,54.541534,2413200
2016-12-19,54.810001,55.029999,54.389999,54.959999,54.670849,1169300
2016-12-20,55.240002,55.459999,54.810001,55.049999,54.760372,1187900
2016-12-21,54.970001,54.970001,53.919998,54.119999,53.835266,1469800
2016-12-22,54.119999,54.98,53.689999,54.09,53.805424,1543300
2016-12-23,54.330002,54.759998,53.77,54.509998,54.223213,511900
2016-12-27,54.75,54.84,54.110001,54.459999,54.173477,915400
2016-12-28,54.66,54.66,53.470001,53.75,53.467216,602700
2016-12-29,53.990002,54.139999,53.59,54.009998,53.725842,479500
2016-12-30,54.200001,54.48,53.389999,53.630001,53.347847,705100
2017-01-03,53.889999,54.183998,52.990002,53.73,53.447319,1615100
2017-01-04,54.119999,54.529999,53.970001,54.25,53.964588,1487100
2017-01-05,54.330002,54.700001,53.709999,53.939999,53.656216,1430000
2017-01-06,53.900002,54.200001,53.389999,53.869999,53.586578,1260000
2017-01-09,54.02,54.200001,53.59,53.73,53.447319,743300
2017-01-10,53.73,54.080002,53.48,53.799999,53.516953,1311600
2017-01-11,53.779999,53.880001,53.259998,53.66,53.377689,3691700
2017-01-12,53.470001,53.889999,53.360001,53.669998,53.387634,2030200
2017-01-13,54.400002,55.16,54.400002,54.759998,54.471901,1439400
2017-01-17,54.439999,54.529999,53.669998,54.130001,53.845215,1234900
2017-01-18,54.110001,54.400002,53.849998,54.139999,53.855156,1346100
2017-01-19,54.23,54.68,54,54.27,53.984478,821100
2017-01-20,54.419998,54.68,54.209999,54.52,54.233162,1822900
2017-01-23,54.32,54.810001,53.59,54.110001,53.825325,1372800
2017-01-24,54.310001,54.990002,54.089001,54.700001,54.41222,1710500
2017-01-25,54.939999,55.34,54.700001,55.169998,54.879742,1755900
2017-01-26,55,55.98,54.759998,55.689999,55.396999,2298600
2017-01-27,55.73,56,55.549999,55.93,55.635746,1568700
2017-01-30,55.93,55.93,54.75,55.439999,55.148319,1570600
2017-01-31,55.240002,55.540001,54.91,55.310001,55.019005,1792800
2017-02-01,55.470001,55.650002,54.805,55.130001,54.839954,1159700
2017-02-02,54.799999,55.5,54.5,55.209999,54.919533,1895200
2017-02-03,55.560001,56.650002,55.07,56.02,55.725273,1447400
2017-02-06,55.700001,55.939999,55.509998,55.810001,55.516376,879600
2017-02-07,56,56.119999,55.560001,55.639999,55.347267,1898000
2017-02-08,54.970001,56.389999,54.883999,56.18,55.88443,4628200
2017-02-09,56.16,57.150002,56.16,57.02,56.720013,1128300
2017-02-10,57.189999,57.419998,56.68,57.150002,56.849327,1250800
2017-02-13,57.459999,58.040001,57.380001,57.529999,57.227325,1187800
2017-02-14,57.5,57.529999,56.919998,57.290001,56.98859,1008600
2017-02-15,57.240002,57.75,57.081001,57.580002,57.277065,1022000
2017-02-16,57.66,58.240002,56.799999,57.389999,57.088066,1120400
2017-02-17,57.41,57.720001,57.130001,57.689999,57.386482,902000
2017-02-21,57.689999,58.25,57.529999,58.130001,57.824173,1553200
2017-02-22,57.77,58.169998,57.549999,57.689999,57.455669,939600
2017-02-23,58.009998,58.150002,57.119999,57.259998,57.02742,1019300
2017-02-24,57.09,57.900002,56.73,57.790001,57.555267,1846700
2017-02-27,57.639999,57.880001,57.470001,57.650002,57.41584,891600
2017-02-28,57.669998,57.889999,57.310001,57.650002,57.41584,1648700
2017-03-01,58.220001,59.240002,58.080002,58.91,58.670715,1436200
2017-03-02,58.91,59.009998,58.32,58.630001,58.391853,1943600
2017-03-03,58.610001,58.880001,58.369999,58.73,58.491447,1438400
2017-03-06,58.32,58.66,58.005001,58.330002,58.093079,1567200
2017-03-07,58.369999,58.549999,58.009998,58.200001,57.963604,1664600
2017-03-08,58.209999,58.470001,58.02,58.169998,57.933716,1290500
2017-03-09,58.080002,58.470001,57.830002,58.02,57.784332,1308100
2017-03-10,58.279999,58.549999,57.98,58.310001,58.073154,1219100
2017-03-13,58.450001,58.970001,58.09,58.77,58.531288,1573600
2017-03-14,58.48,58.650002,58.25,58.549999,58.31218,951000
2017-03-15,58.779999,59.880001,58.779999,59.700001,59.457508,1783900
2017-03-16,59.73,59.919998,59.400002,59.509998,59.26828,1428100
2017-03-17,59.73,59.814999,59.439999,59.580002,59.337997,1928500
2017-03-20,59.599998,59.849998,58.959999,59,58.760353,1467800
2017-03-21,59.279999,59.470001,58.34,58.509998,58.272339,1856500
2017-03-22,58.509998,58.82,58.290001,58.490002,58.252422,1661100
2017-03-23,58.310001,58.84,58.290001,58.529999,58.292259,1054500
2017-03-24,60.18,60.18,58.939999,59.310001,59.069092,1811200
2017-03-27,58.720001,59.299999,58.150002,59.080002,58.840031,943200
2017-03-28,59.040001,59.77,58.75,59.59,59.347958,817900
2017-03-29,59.860001,60.41,59.509998,59.650002,59.407715,1376300
2017-03-30,59.720001,59.990002,59.450001,59.619999,59.377831,1155400
2017-03-31,59.57,60.400002,59.380001,60.220001,59.975403,1220700
2017-04-03,60.220001,60.650002,59.540001,60.130001,59.885761,1918000
2017-04-04,60.119999,60.299999,59.805,60.02,59.776207,1514400
2017-04-05,60.259998,60.790001,60.060001,60.25,60.005272,1389900
2017-04-06,60.27,60.779999,60.150002,60.57,60.323971,719900
2017-04-07,60.580002,60.700001,60.349998,60.470001,60.224384,521400
2017-04-10,60.5,61.110001,60.470001,61,60.752232,1224600
2017-04-11,60.66,60.970001,60.41,60.77,60.523167,2477400
2017-04-12,60.790001,60.939999,60.23,60.5,60.254261,1546100
2017-04-13,60.5,60.919998,60.290001,60.330002,60.084953,1215400
2017-04-17,60.5,60.57,60.064999,60.48,60.234341,978300
2017-04-18,60.119999,60.484001,59.994999,60.27,60.025196,1563000
2017-04-19,60.290001,60.689999,59.880001,60.009998,59.766247,1963300
2017-04-20,60.259998,60.849998,59.880001,60.610001,60.363811,1502700
2017-04-21,60.59,60.700001,59.974998,60.009998,59.766247,1389900
2017-04-24,60.790001,61.540001,60.68,61.43,61.180481,1269300
2017-04-25,61.790001,62.540001,61.700001,62.330002,62.076828,1472000
2017-04-26,62.299999,62.73,62.110001,62.25,61.99715,1303600
2017-04-27,62.240002,63.009998,62.07,62.32,62.066868,1945700
2017-04-28,62.959999,64.269997,62.5,63.259998,63.003048,2401500
2017-05-01,63.610001,63.650002,62.110001,62.34,62.086788,1759100
2017-05-02,61.830002,62.32,61.099998,62.18,61.927437,1505200
2017-05-03,61.950001,62.720001,61.779999,62.669998,62.415443,976800
2017-05-04,62.630001,63.110001,62.560001,62.82,62.564835,819900
2017-05-05,62.860001,63.16,62.48,63.139999,62.883537,595400
2017-05-08,63.09,63.360001,62.735001,62.889999,62.634552,1791500
2017-05-09,62.939999,63.43,62.459999,62.700001,62.44532,826000
2017-05-10,62.529999,62.810001,62.240002,62.57,62.315845,1048500
2017-05-11,62.18,62.700001,62.080002,62.619999,62.36565,591300
2017-05-12,62.439999,62.528,62,62.18,61.927437,1005100
2017-05-15,62.299999,62.639999,62.189999,62.220001,61.967278,981500
2017-05-16,62.450001,62.450001,62.049999,62.330002,62.076828,889400
2017-05-17,62.330002,62.330002,61.130001,61.200001,60.951416,1235900
2017-05-18,60.75,61.59,60.400002,61.16,60.911579,1377800
2017-05-19,61.48,62.02,60.994999,61.84,61.588818,1867600
2017-05-22,62.09,62.5,61.900002,62.400002,62.146542,771700
2017-05-23,62.389999,62.700001,62.130001,62.610001,62.35569,769500
2017-05-24,62.740002,63.220001,62.630001,63.080002,62.8941,1357900
2017-05-25,63.119999,63.869999,62.75,63.639999,63.452446,1039100
2017-05-26,63.68,63.900002,63.380001,63.509998,63.322826,1176200
2017-05-30,63.240002,63.790001,63.029999,63.349998,63.163296,1775800
2017-05-31,63.419998,63.560001,61.799999,62.450001,62.265953,3926600
2017-06-01,62.73,63.43,62.474998,62.990002,62.804363,1105500
2017-06-02,62.900002,63.830002,62.845001,63.41,63.223122,1187700
2017-06-05,63.240002,63.560001,63.220001,63.32,63.133389,839500
2017-06-06,63.240002,63.450001,63.040001,63.200001,63.013741,1376800
2017-06-07,63.25,63.759998,63.07,63.360001,63.173275,786000
2017-06-08,63.360001,63.75,62.810001,63.700001,63.512268,982400
2017-06-09,64,64,62.560001,63.09,62.904068,1027100
2017-06-12,63.040001,63.345001,62.198002,62.459999,62.275921,1138200
2017-06-13,62.68,63.290001,62.43,63.27,63.083538,1013700
2017-06-14,63.279999,63.48,62.93,62.950001,62.764481,1378800
2017-06-15,62.66,63.259998,62.380001,63.040001,62.854218,1172000
2017-06-16,63.169998,64.059998,62.869999,64.050003,63.861244,1676700
2017-06-19,64.309998,64.830002,64.190002,64.790001,64.599052,1373600
2017-06-20,64.5,65.209999,64.300003,64.470001,64.280006,1760800
2017-06-21,64.519997,64.699997,64.279999,64.370003,64.180298,1462500
2017-06-22,64.339996,64.529999,63.91,64.099998,63.911087,1043500
2017-06-23,63.950001,64.160004,63.669998,64.099998,63.911087,7313000
2017-06-26,64.300003,64.720001,63.939999,64.110001,63.921059,1009500
2017-06-27,63.790001,64.089996,63.369999,63.369999,63.183239,697800
2017-06-28,63.790001,64.550003,63.595001,64.410004,64.220177,830200
2017-06-29,64.370003,64.370003,62.75,62.860001,62.674744,1291200
2017-06-30,62.919998,63.68,62.900002,63.349998,63.163296,1176900
2017-07-03,63.650002,63.73,63.189999,63.330002,63.143364,652600
2017-07-05,63.630001,63.98,63.185001,63.610001,63.422535,892200
2017-07-06,63.400002,63.779999,63.220001,63.330002,63.143364,1475700
2017-07-07,63.610001,64,63.459999,63.849998,63.661823,1114100
2017-07-10,63.82,64.945,63.759998,64.599998,64.409615,1975100
2017-07-11,64.68,64.68,63.380001,63.970001,63.781475,1104800
2017-07-12,64.239998,64.900002,64.199997,64.699997,64.509323,1118500
2017-07-13,64.75,64.860001,64.309998,64.389999,64.200233,869400
2017-07-14,64.419998,64.790001,64.32,64.559998,64.369728,1113400
2017-07-17,64.57,64.57,63.779999,64.139999,63.950977,1388200
2017-07-18,64.029999,64.220001,63.630001,63.75,63.562119,1029900
2017-07-19,63.939999,63.990002,63.580002,63.970001,63.781475,1400600
2017-07-20,64.010002,64.150002,62.830002,63.5,63.312862,1558100
2017-07-21,63.240002,63.490002,63.080002,63.25,63.063595,1284200
2017-07-24,63.330002,63.400002,63.049999,63.290001,63.103477,1203500
2017-07-25,63.57,63.73,62.970001,63.07,62.884125,1716700
2017-07-26,63.110001,63.220001,62.139999,62.18,61.996746,1740900
2017-07-27,62.16,62.790001,62.049999,62.580002,62.395573,1840200
2017-07-28,63.5,64.82,62.639,64.470001,64.280006,2210700
2017-07-31,64.760002,64.910004,64.209999,64.739998,64.549202,1986000
2017-08-01,64.790001,65.730003,64.260002,65.199997,65.007843,1849700
2017-08-02,65.309998,66.540001,65.300003,66.279999,66.084663,1813300
2017-08-03,66.349998,66.540001,66.059998,66.529999,66.333923,1102800
2017-08-04,66.68,67.199997,66.519997,67.169998,66.972038,1117700
2017-08-07,67,67.480003,66.720001,67.220001,67.021896,1466500
2017-08-08,66.970001,67.199997,66.849998,66.919998,66.722778,1172700
2017-08-09,66.860001,66.980003,66.544998,66.82,66.623077,949900
2017-08-10,66.550003,66.720001,65.510002,65.529999,65.336876,1037700
2017-08-11,65.620003,66.080002,65.400002,65.599998,65.40667,705300
2017-08-14,66.099998,66.379997,65.980003,66.25,66.054756,494600
2017-08-15,66.199997,66.379997,65.919998,66.120003,65.92514,595500
2017-08-16,66.309998,66.629997,66,66.150002,65.955048,645200
2017-08-17,65.870003,66.047997,65.110001,65.160004,64.967964,545700
2017-08-18,64.949997,65.389999,64.68,65.029999,64.838348,963500
2017-08-21,65,65.519997,64.639999,65.419998,65.227203,710600
2017-08-22,65.589996,66,65.589996,65.860001,65.665901,777900
2017-08-23,65.639999,65.699997,64.980003,65.029999,64.907333,641200
2017-08-24,65.120003,65.339996,64.629997,64.879997,64.757614,1167300
2017-08-25,65.050003,65.25,64.099998,64.690002,64.567978,1407800
2017-08-28,64.949997,65.059998,64.245003,64.489998,64.368347,697200
2017-08-29,64.260002,64.57,63.971001,64.459999,64.338409,1812800
2017-08-30,64.419998,64.940002,64.349998,64.800003,64.677773,1586100
2017-08-31,64.849998,65.139999,64.690002,64.970001,64.84745,1293300
2017-09-01,65.25,65.400002,64.919998,65.099998,64.977203,814200
2017-09-05,64.989998,65.739998,64.849998,65.089996,64.967224,1043000
2017-09-06,65.5,65.989998,64.643997,64.730003,64.607903,1907800
2017-09-07,64.940002,65.639999,64.620003,65.57,65.44632,816600
2017-09-08,65.529999,67.089996,65.480003,66.480003,66.354607,1115100
2017-09-11,66.980003,67.610001,66.620003,67.519997,67.392639,1462200
2017-09-12,67.610001,68.080002,67.610001,67.870003,67.741982,845900
2017-09-13,67.730003,68.709999,67.529999,68.690002,68.560432,1895200
2017-09-14,68.349998,69.199997,67.949997,69.190002,69.059494,1816100
2017-09-15,70.07,70.209999,69.050003,69.360001,69.229164,2711700
2017-09-18,69.489998,70.480003,69.32,70.309998,70.177376,1321600
2017-09-19,70.309998,70.529999,70.010002,70.080002,69.947815,961900
2017-09-20,70.220001,70.660004,69.940002,70.169998,70.037643,2028300
2017-09-21,70.199997,70.410004,69.809998,69.93,69.798096,1067200
2017-09-22,69.860001,70.125,69.589996,70.029999,69.897911,2310300
2017-09-25,70.080002,70.25,69.589996,70.029999,69.897911,982700
2017-09-26,70.040001,70.360001,69.800003,69.849998,69.718239,1183700
2017-09-27,69.849998,70.269997,69.68,70.209999,70.077568,906400
2017-09-28,69.970001,70.279999,69.699997,69.919998,69.788109,1324500
2017-09-29,69.889999,71.07,69.75,70.790001,70.656471,1060900
2017-10-02,71.029999,71.550003,70.900002,71.550003,71.415039,893800
2017-10-03,71.739998,71.910004,71.279999,71.480003,71.345177,905700
2017-10-04,71.43,71.940002,71.339996,71.910004,71.774368,1057600
2017-10-05,72.010002,72.010002,71.139999,71.57,71.435005,1268900
2017-10-06,71.459999,71.879997,71.290001,71.550003,71.415039,1050800
2017-10-09,71.760002,72.099998,71.480003,71.900002,71.764381,649100
2017-10-10,72.25,72.309998,71.400002,71.919998,71.784332,976700
2017-10-11,72.059998,72.550003,71.849998,72.349998,72.213531,989000
2017-10-12,72.489998,73.010002,72.269997,72.889999,72.75251,978400
2017-10-13,73.18,73.209999,72.190002,72.349998,72.213531,721200
2017-10-16,72.440002,72.699997,71.900002,72.019997,71.884148,1097200
2017-10-17,72.080002,72.279999,71.480003,71.489998,71.355148,1318200
2017-10-18,71.5,71.949997,71.379997,71.620003,71.484909,855800
2017-10-19,71.379997,71.584999,71.004997,71.099998,70.965881,1111600
2017-10-20,71.5,72.071999,71.260002,72.010002,71.874176,1564800
2017-10-23,72.010002,72.309998,71.440002,72.089996,71.954018,1030200
2017-10-24,72.309998,73.339996,72.309998,73.309998,73.171722,1287800
2017-10-25,72.949997,73.370003,72.050003,72.470001,72.333305,1730700
2017-10-26,73.099998,73.760002,72.57,73.470001,73.331413,1765700
2017-10-27,72.199997,74.379997,70.010002,74.099998,73.960228,2011600
2017-10-30,73.75,73.889999,72.379997,72.459999,72.323318,1583400
2017-10-31,72.610001,72.769997,72.214996,72.260002,72.123695,1234900
2017-11-01,72.730003,73.07,72.25,72.860001,72.722565,1221700
2017-11-02,72.900002,73.495003,72.639999,73.309998,73.171722,987200
2017-11-03,73.300003,73.980003,73.300003,73.639999,73.501099,1009800
2017-11-06,73.5,73.589996,72.760002,72.860001,72.722565,836600
2017-11-07,72.800003,73.470001,72.669998,73.470001,73.331413,1072500
2017-11-08,73.209999,73.25,72.68,72.769997,72.632736,1130300
2017-11-09,72.449997,72.849998,72.100998,72.629997,72.493004,1015700
2017-11-10,72.279999,72.794998,71.900002,72.650002,72.512962,1825200
2017-11-13,72.260002,72.699997,72.050003,72.599998,72.463051,833400
2017-11-14,72.230003,72.695,72.139999,72.669998,72.532928,1224000
2017-11-15,72.589996,72.709999,71.669998,71.849998,71.71447,1726000
2017-11-16,72.190002,72.93,72.029999,72.440002,72.303368,982700
2017-11-17,72.089996,72.709,71.75,72.25,72.113724,2945400
2017-11-20,72.379997,73.160004,72.25,72.809998,72.672661,873300
2017-11-21,72.889999,73.160004,72.410004,72.449997,72.313332,1263600
2017-11-22,72.379997,72.529999,71.755997,72,71.933693,1932800
2017-11-24,72.07,72.400002,72.059998,72.129997,72.063568,363000
2017-11-27,72.330002,73.035004,72.214996,72.760002,72.692993,958900
2017-11-28,73.059998,73.830002,72.589996,73.290001,73.222504,1304600
2017-11-29,73.379997,73.480003,72.669998,73.419998,73.352379,920000
2017-11-30,73.489998,74.75,73.43,74.650002,74.581253,1571000
2017-12-01,75.550003,75.690002,73.550003,74.580002,74.511314,1322300
2017-12-04,75.07,75.540001,74.230003,74.230003,74.161644,1074800
2017-12-05,74.43,74.540001,72.879997,72.949997,72.882813,1140300
2017-12-06,72.989998,73.660004,72.684998,73.290001,73.222504,1119600
2017-12-07,73.550003,74.230003,73.199997,73.599998,73.532219,899100
2017-12-08,73.959999,74.239998,73.279999,73.690002,73.622139,1000600
2017-12-11,73.830002,73.989998,72.860001,73.010002,72.942764,960900
2017-12-12,72.949997,72.949997,72.260002,72.519997,72.453209,767100
2017-12-13,72.470001,73.029999,72.18,72.410004,72.343315,943400
2017-12-14,72.629997,72.790001,71.370003,71.400002,71.334244,1094400
2017-12-15,71.830002,72.32,71.709999,72.059998,71.993637,2613500
2017-12-18,72.379997,73.120003,72.099998,72.730003,72.663025,1083700
2017-12-19,72.93,73.099998,72.010002,72.730003,72.663025,944200
2017-12-20,73.230003,73.440002,72.900002,72.989998,72.922775,767200
2017-12-21,73.269997,73.309998,72.620003,72.800003,72.732956,830800
2017-12-22,72.839996,72.839996,72.150002,72.470001,72.403259,981700
2017-12-26,72.690002,72.760002,72.239998,72.620003,72.553123,417300
2017-12-27,72.529999,72.889999,72.230003,72.370003,72.303352,780600
2017-12-28,72.5,72.660004,72.040001,72.5,72.433228,798100
2017-12-29,72.769997,73,72.349998,72.349998,72.283371,843000
2018-01-02,72.989998,73.18,71.834999,72.379997,72.313339,1088500
2018-01-03,72.239998,72.57,71.269997,72.419998,72.353302,1566900
2018-01-04,72.720001,74.349998,72.43,74.25,74.181618,1528200
2018-01-05,74.419998,74.610001,72.870003,73.400002,73.332405,2134300
2018-01-08,73.160004,73.5,73.059998,73.25,73.182541,1010400
2018-01-09,73.220001,74.470001,73.199997,73.779999,73.712051,1139100
2018-01-10,73.410004,73.830002,72.529999,73.019997,72.952751,889100
2018-01-11,73.129997,73.809998,73.010002,73.709999,73.642113,1179500
2018-01-12,73.940002,74.779999,73.760002,74.470001,74.401421,1283200
2018-01-16,74.82,75.629997,73.720001,73.989998,73.92186,1339400
2018-01-17,74.470001,75.239998,74.019997,74.739998,74.671165,1525100
2018-01-18,74.860001,75.239998,74.25,74.459999,74.391426,864300
2018-01-19,74.629997,74.945,74,74.559998,74.491333,1811700
2018-01-22,74.550003,75.07,73.849998,74.199997,74.13166,1364800
2018-01-23,74.440002,75.25,73.779999,75.059998,74.990868,1591000
2018-01-24,75.480003,76.68,75.059998,75.360001,75.290596,1576800
2018-01-25,75.790001,75.894997,74.559998,74.809998,74.741104,1440600
2018-01-26,75.209999,76.589996,74.57,76.57,76.499481,2205200
2018-01-29,76.199997,76.669998,76,76.379997,76.309654,1625600
2018-01-30,75.900002,76.43,75.629997,76.029999,75.959976,1333500
2018-01-31,76.330002,76.529999,75.620003,76.019997,75.949989,1287200
2018-02-01,75.519997,76.57,75.205002,75.550003,75.480423,1440500
2018-02-02,75.339996,76.290001,75,75.349998,75.280602,1406300
2018-02-05,75.040001,75.415001,71.650002,71.660004,71.594009,1982100
2018-02-06,70.330002,72.589996,69.449997,72.110001,72.043594,2852900
2018-02-07,71.919998,73.050003,71.68,71.690002,71.623978,2533300
2018-02-08,71.709999,72.300003,69.029999,69.139999,69.076324,2367700
2018-02-09,75.809998,75.809998,69.510002,72.449997,72.38327,4139700
2018-02-12,72.800003,74.980003,72.800003,74.300003,74.231575,3466900
2018-02-13,74.089996,74.75,73.800003,74.139999,74.071716,3148600
2018-02-14,73.75,74.419998,73.474998,74.190002,74.121674,1788700
2018-02-15,74.860001,75.089996,74.099998,75.080002,75.010857,1765100
2018-02-16,75.080002,75.980003,74.809998,75.650002,75.58033,2116600
2018-02-20,75.339996,76.209999,75.264999,75.849998,75.780144,1647200
2018-02-21,76.110001,77.220001,75.989998,76.010002,75.940002,1269700
2018-02-22,76.339996,77.18,76.110001,76.68,76.68,1058100
2018-02-23,77.150002,77.230003,76.432999,77.139999,77.139999,1298100
2018-02-26,77.290001,78.129997,76.974998,77.959999,77.959999,1461500
2018-02-27,78.080002,78.830002,77.739998,77.760002,77.760002,1013200
2018-02-28,78.040001,78.260002,76.790001,76.800003,76.800003,1799300
2018-03-01,77.059998,77.129997,74.220001,74.699997,74.699997,1623200
2018-03-02,74.010002,74.480003,73.290001,73.989998,73.989998,1936200
2018-03-05,73.529999,74.610001,73.110001,74.260002,74.260002,1280300
2018-03-06,74.669998,75.489998,74.110001,75.120003,75.120003,1404400
2018-03-07,74.900002,78.089996,73.410004,77.959999,77.959999,2932600
2018-03-08,78.230003,78.459999,77.379997,78.360001,78.360001,2252900
2018-03-09,78.82,80.309998,78.129997,80.269997,80.269997,2108300
2018-03-12,80.199997,80.214996,77.989998,78.529999,78.529999,1216300
2018-03-13,78.739998,79.214996,77.809998,77.989998,77.989998,1618900
2018-03-14,78.449997,78.900002,77.419998,77.610001,77.610001,1180200
2018-03-15,77.769997,78.419998,77.220001,78.099998,78.099998,724800
2018-03-16,78.019997,78.43,77.610001,78.230003,78.230003,2018000
2018-03-19,78.190002,78.190002,77.010002,77.779999,77.779999,937000
2018-03-20,78.099998,78.480003,77.779999,78.160004,78.160004,1295000
2018-03-21,78.209999,79.202003,77.529999,78.349998,78.349998,1149000
2018-03-22,77.559998,78.230003,76.519997,76.690002,76.690002,1542300
2018-03-23,76.75,77.68,75.970001,76.019997,76.019997,2109000
2018-03-26,77.309998,78.190002,76.644997,78.089996,78.089996,1729900
2018-03-27,78.120003,78.470001,76.470001,76.800003,76.800003,1570600
2018-03-28,76.989998,77.099998,75.779999,76.650002,76.650002,1813600
2018-03-29,77.019997,77.959999,76.599998,77.519997,77.519997,1374900
2018-04-02,77.190002,77.393997,74.559998,75.440002,75.440002,1681700
2018-04-03,75.669998,76.349998,74.839996,76.300003,76.300003,1604700
2018-04-04,75.010002,76.669998,74.400002,76.629997,76.629997,1794600
2018-04-05,77.330002,78.080002,76.879997,77.419998,77.419998,1310800
2018-04-06,76.690002,77.010002,73.879997,74.720001,74.720001,1619100
2018-04-09,74.940002,75.580002,73.940002,74.110001,74.110001,2083500
2018-04-10,75.139999,75.970001,74.970001,75.800003,75.800003,1590600
2018-04-11,75.129997,75.370003,74.360001,74.449997,74.449997,1128100
2018-04-12,75,75.379997,74.629997,74.75,74.75,1329300
2018-04-13,75.360001,75.824997,74.160004,74.699997,74.699997,2477000
2018-04-16,75.400002,75.580002,74.889999,75.260002,75.260002,1432100
2018-04-17,75.809998,77.555,75.709999,76.730003,76.730003,2105600
2018-04-18,77.230003,77.790001,76.665001,77.139999,77.139999,954700
2018-04-19,77.120003,77.449997,76.360001,76.769997,76.769997,1087300
2018-04-20,76.949997,77.089996,76.169998,76.739998,76.739998,1323400
2018-04-23,76.949997,77,76.080002,76.300003,76.300003,1020800
4/24/2018,76.669998,76.929001,72.260002,73.050003,73.050003,1663821
