Stock Quotes for PSX,,,,,,
Date,Open,High,Low,Close,Adj Close,Volume
2012-04-12,33.25,34.209999,32,34,29.146101,654700
2012-04-13,34,37.450001,33.91,37,31.717817,1685000
2012-04-16,37,37,35.990002,36.549999,31.332058,550200
2012-04-17,36.400002,36.75,36,36,30.86058,179600
2012-04-18,36,36.439999,34.5,36,30.86058,207100
2012-04-19,36,37.220001,35.799999,36,30.86058,598100
2012-04-20,36.099998,37,36.099998,36.32,31.134903,149700
2012-04-23,36.240002,36.240002,35.419998,35.68,30.586254,95700
2012-04-24,36,36,34.68,34.75,29.789036,124500
2012-04-25,34.799999,35.5,34.5,34.75,29.789036,266200
2012-04-26,34.610001,34.990002,34.439999,34.950001,29.960476,183900
2012-04-27,35.25,35.25,33.970001,34.110001,29.240402,536000
2012-04-30,34.34,34.900002,34,34.049999,29.188969,4105700
2012-05-01,33.740002,34.099998,32.580002,32.759998,28.083126,6878600
2012-05-02,32.599998,32.669998,31.629999,32,27.431627,11287600
2012-05-03,31.93,31.98,31.049999,31.389999,26.908712,11800000
2012-05-04,30.85,31.09,30.120001,30.16,25.854307,10881000
2012-05-07,30.1,30.549999,29.25,29.35,25.159948,12257200
2012-05-08,29.09,30.41,28.75,30.1,25.802872,14601300
2012-05-09,29.809999,32.889999,29.73,32.490002,27.851677,13990000
2012-05-10,33.049999,33.349998,31.52,32.48,27.843103,8862000
2012-05-11,31.73,32.150002,31.4,31.83,27.285898,4460100
2012-05-14,31.190001,31.58,30.77,31.32,26.848705,6398200
2012-05-15,31.35,32.32,31.059999,31.67,27.148737,6362800
2012-05-16,31.459999,32.389999,31.25,32.099998,27.517349,6118600
2012-05-17,31.889999,32,31.200001,31.26,26.797276,5850500
2012-05-18,31.43,31.690001,30.99,31.379999,26.900137,7940800
2012-05-21,31.23,32.34,30.950001,32.189999,27.594501,5480100
2012-05-22,31.879999,32.27,31.33,31.629999,27.114449,5415000
2012-05-23,31.35,31.49,30.879999,31.41,26.925859,5268900
2012-05-24,31.42,31.440001,30.75,31.129999,26.685829,4210400
2012-05-25,31.01,31.41,30.83,31.299999,26.831564,3217900
2012-05-29,31.280001,31.719999,30.860001,31.01,26.58296,3979600
2012-05-30,30.790001,30.83,30.18,30.440001,26.094332,6000600
2012-05-31,30.26,30.35,29.719999,30.030001,25.742872,8098000
2012-06-01,29.5,30.17,29.379999,29.92,25.648571,5701700
2012-06-04,29.299999,30.190001,29.25,29.530001,25.314251,4844900
2012-06-05,29.370001,30.1,29.32,29.9,25.631424,4046500
2012-06-06,30.030001,32,29.82,31.530001,27.028725,8609400
2012-06-07,32.07,32.75,31.74,31.83,27.285898,7694300
2012-06-08,31.66,32.349998,31.51,32.119999,27.534496,4302100
2012-06-11,32.450001,33.049999,32.23,32.599998,27.945971,5999000
2012-06-12,32.560001,33.740002,32.490002,33.490002,28.708918,6809900
2012-06-13,33.27,33.490002,32.540001,32.77,28.091703,2876200
2012-06-14,32.77,33.639999,32.310001,33.529999,28.743202,4460000
2012-06-15,33.599998,34.91,33.380001,34.900002,29.91762,9892400
2012-06-18,34.380001,34.5,33.830002,33.860001,29.026094,4254400
2012-06-19,34.060001,34.529999,33.73,33.860001,29.026094,4873500
2012-06-20,33.790001,34.849998,33.48,34.66,29.711885,4628400
2012-06-21,34.700001,34.759998,33.060001,33.48,28.70034,3489900
2012-06-22,33.650002,34.709999,33.029999,34.16,29.283258,4359500
2012-06-25,33.689999,33.689999,32.759998,32.869999,28.177422,3518600
2012-06-26,32.810001,33.98,32.400002,32.580002,27.928827,3274700
2012-06-27,32.610001,33.400002,31.42,31.889999,27.337328,3615600
2012-06-28,31.540001,32.400002,31.290001,32.310001,27.697372,3115900
2012-06-29,32.779999,33.380001,32.650002,33.240002,28.494598,4599500
2012-07-02,33.59,34.32,33.369999,34,29.146101,3868500
2012-07-03,34.02,34.630001,33.830002,34.240002,29.351845,3647400
2012-07-05,33.830002,34.240002,33.540001,33.799999,28.974657,2711300
2012-07-06,33.400002,33.68,32.919998,33.369999,28.606047,1907800
2012-07-09,33.080002,33.759998,32.650002,33.25,28.503174,2264600
2012-07-10,33.470001,33.470001,32.5,32.68,28.014551,2972900
2012-07-11,32.66,33.639999,32.349998,33.48,28.70034,2583000
2012-07-12,33.150002,33.189999,32.549999,33.009998,28.297434,3505600
2012-07-13,33.610001,35.080002,33.509998,34.939999,29.951906,4801300
2012-07-16,34.689999,36.119999,34.560001,36.099998,30.946299,4895700
2012-07-17,36.16,36.799999,35.860001,36.689999,31.452072,3604100
2012-07-18,36.650002,37.669998,36.59,37.099998,31.803543,2839200
2012-07-19,36.919998,37,35.5,35.599998,30.683083,3758600
2012-07-20,35.18,35.439999,34.91,35.32,30.441759,3290000
2012-07-23,34.790001,35.279999,34.5,35.02,30.183197,3245900
2012-07-24,35.25,35.419998,34.610001,35.23,30.364195,2351600
2012-07-25,35.599998,35.889999,34.869999,35.400002,30.510719,3551300
2012-07-26,35.759998,36.060001,35.59,35.959999,30.993374,2951300
2012-07-27,36.23,36.91,35.900002,36.52,31.476028,6158600
2012-07-30,36.860001,37.650002,36.830002,37.650002,32.449951,2830300
2012-07-31,37.740002,38.360001,37.509998,37.599998,32.406864,6958400
2012-08-01,39.080002,40.18,37.779999,38.27,32.984325,6639700
2012-08-02,37.939999,39.07,37.84,38.299999,33.010174,4434800
2012-08-03,38.599998,39.849998,38.599998,39.669998,34.190964,4516000
2012-08-06,39.939999,40.349998,39.77,40.07,34.535717,3405100
2012-08-07,40.389999,40.830002,39.59,39.77,34.277157,4636800
2012-08-08,39.599998,40.200001,39.459999,40.150002,34.604664,4002600
2012-08-09,39.900002,40.599998,39.880001,40.32,34.75119,2888200
2012-08-10,40.259998,40.43,39.75,40,34.475384,2107700
2012-08-13,39.860001,40.349998,39.77,40.150002,34.604664,2213500
2012-08-14,40.189999,40.450001,39.799999,39.93,34.415054,2533900
2012-08-15,40.540001,40.66,39.93,40.360001,34.785671,4009400
2012-08-16,40.529999,41.259998,40.369999,41.18,35.492409,3862100
2012-08-17,41.619999,42.93,41.470001,42.77,36.862808,5536300
2012-08-20,42.869999,43.450001,42.75,43.07,37.121361,3809500
2012-08-21,43.380001,43.380001,41.490002,41.549999,35.811302,4469400
2012-08-22,41.360001,41.529999,40.419998,41.48,35.750973,4384500
2012-08-23,41.48,41.630001,41.049999,41.330002,35.621693,1996300
2012-08-24,41.150002,41.540001,40.740002,41.360001,35.647552,2562300
2012-08-27,41.43,42.389999,40.970001,41.07,35.397602,3779200
2012-08-28,40.900002,42.470001,40.900002,41.959999,36.16468,3770300
2012-08-29,41.900002,42.389999,41.650002,41.98,36.181919,2674300
2012-08-30,41.790001,42.700001,41.619999,42.48,36.612862,2523800
2012-08-31,42.700001,43,41.099998,42,36.199158,5791200
2012-09-04,42.07,42.450001,41.48,42.41,36.552525,2620700
2012-09-05,42.490002,42.580002,41.43,41.740002,35.975067,2881800
2012-09-06,42.16,43.740002,42.16,43.419998,37.423031,4222200
2012-09-07,43.48,44.310001,43.360001,44.259998,38.147018,3458100
2012-09-10,43.93,44.849998,43.93,44.540001,38.388336,4417300
2012-09-11,44.639999,46.099998,44.459999,45.59,39.293335,6304700
2012-09-12,46.139999,47.41,46.040001,46.279999,39.888031,5269800
2012-09-13,46.299999,46.849998,45.369999,46.639999,40.198299,5292000
2012-09-14,47.16,48.220001,46.009998,46.73,40.275871,6718600
2012-09-17,46.169998,46.970001,46,46.139999,39.767357,4833400
2012-09-18,45.529999,45.779999,44.439999,45.52,39.23299,6108200
2012-09-19,45.529999,46.599998,45.509998,45.57,39.276089,3505400
2012-09-20,45.389999,46.310001,45.169998,45.779999,39.457066,3233500
2012-09-21,46.040001,47.09,46.040001,46.82,40.353447,5960500
2012-09-24,46.689999,46.919998,46.259998,46.740002,40.2845,2453800
2012-09-25,47,47.299999,45.959999,45.98,39.629463,2912200
2012-09-26,45.689999,46.330002,45.23,45.529999,39.241608,3626000
2012-09-27,45.799999,46.740002,45.68,46.529999,40.103493,3180100
2012-09-28,46.43,46.529999,46.02,46.369999,39.965599,3253700
2012-10-01,46.599998,47.02,46.259998,46.560001,40.129337,2785500
2012-10-02,46.68,46.959999,46.27,46.419998,40.00869,2911900
2012-10-03,46.27,46.41,45,45.16,38.922714,5392000
2012-10-04,45.59,45.66,45.080002,45.389999,39.120937,6196000
2012-10-05,45.869999,47.68,45.759998,46.02,39.663933,7658200
2012-10-08,45.959999,46.57,45.560001,45.93,39.586372,3414600
2012-10-09,46.16,46.75,46.060001,46.09,39.724262,3667800
2012-10-10,46.02,46.330002,44.689999,45.150002,38.914101,5564600
2012-10-11,45.380001,45.650002,44.57,44.599998,38.654087,4600600
2012-10-12,44.330002,44.619999,42.450001,43.919998,38.064739,6634300
2012-10-15,43.849998,44.43,43.41,44.380001,38.463413,2722000
2012-10-16,44.77,46.790001,44.599998,46.490002,40.292122,5742000
2012-10-17,46.549999,47.220001,46.310001,46.650002,40.430798,2842000
2012-10-18,46.619999,46.630001,45.389999,45.560001,39.486107,3402300
2012-10-19,45.529999,46.09,44.549999,44.639999,38.688755,3002400
2012-10-22,44.73,45.73,44.73,45.580002,39.503441,3421700
2012-10-23,44.91,45.080002,43.93,44.919998,38.931427,4079100
2012-10-24,45,45.650002,44.66,44.779999,38.810085,3478700
2012-10-25,45.139999,45.450001,44.549999,45.029999,39.026752,2903900
2012-10-26,45.57,47.619999,44.82,47.5,41.167469,6123800
2012-10-31,47.82,48.400002,46.639999,47.16,40.872803,4791200
2012-11-01,47,47.650002,46.389999,47.380001,41.063469,4291500
2012-11-02,48.009998,48.150002,46.07,46.209999,40.049442,2826000
2012-11-05,46.23,47.900002,46.23,47.759998,41.392811,3024100
2012-11-06,48,51,47.860001,50.040001,43.368843,8220800
2012-11-07,49.23,50.080002,48.75,49.459999,42.866161,6708500
2012-11-08,49.34,49.970001,48.939999,49,42.467495,3699100
2012-11-09,48.110001,48.560001,47.169998,47.41,41.089466,5424200
2012-11-12,47.43,48.110001,47.279999,47.349998,41.037464,2699200
2012-11-13,47,47.759998,46.560001,46.860001,40.612797,3129100
2012-11-14,47.169998,47.459999,45.709999,45.759998,39.659443,3542400
2012-11-15,45.529999,46.189999,44.939999,45.34,39.295425,3805000
2012-11-16,45.560001,45.919998,44.950001,45.77,39.668106,4591900
2012-11-19,46.400002,48.25,46.380001,48.119999,41.704811,4339700
2012-11-20,48.189999,49.07,47.869999,49.060001,42.519493,3492900
2012-11-21,49.32,49.650002,48.84,49.389999,42.805496,3805700
2012-11-23,49.580002,50,49.41,49.82,43.178173,1698700
2012-11-26,49.549999,49.98,49.07,49.560001,42.952839,2943300
2012-11-27,49.509998,50.419998,49.009998,50.060001,43.386173,4638900
2012-11-28,49.66,51.27,49.25,51,44.200863,5404800
2012-11-29,51.200001,51.66,50.830002,51.560001,44.686207,3951100
2012-11-30,51.68,52.529999,51.450001,52.369999,45.38821,5323100
2012-12-03,52.650002,52.759998,51.02,51.560001,44.686207,5670000
2012-12-04,51.48,52.240002,51.48,51.560001,44.686207,3726600
2012-12-05,51.450001,51.950001,50.27,50.689999,43.93219,3332400
2012-12-06,50.689999,51.209999,50.299999,50.970001,44.174866,3405700
2012-12-07,51.189999,52.75,51.060001,52.34,45.362225,4854900
2012-12-10,52.209999,54.32,52.200001,53.580002,46.436901,7741300
2012-12-11,53.720001,53.919998,52.73,53.040001,45.968895,5205500
2012-12-12,53.330002,53.5,52.939999,53.049999,45.977566,8427100
2012-12-13,52.599998,52.599998,51.240002,52.209999,45.249546,7136600
2012-12-14,52,53.540001,51.799999,53.470001,46.341572,5120800
2012-12-17,53.560001,53.860001,53.18,53.52,46.384899,4292300
2012-12-18,53.439999,53.700001,53,53.169998,46.081558,3922800
2012-12-19,53.279999,53.380001,51.84,52.5,45.500885,6409900
2012-12-20,52.580002,52.720001,51.700001,52.419998,45.431553,4391700
2012-12-21,51.709999,52.380001,51.330002,52.16,45.206219,5053600
2012-12-24,52.220001,52.400002,51.900002,51.970001,45.041546,975200
2012-12-26,52.16,52.619999,51.32,51.360001,44.512871,2322700
2012-12-27,51.5,51.709999,50.400002,51.560001,44.686207,2885400
2012-12-28,51.060001,51.5,50.52,50.57,43.828178,2999100
2012-12-31,50.400002,53.220001,50.400002,53.099998,46.020889,4233600
2013-01-02,54.25,55.310001,53.23,55.259998,47.892929,5229900
2013-01-03,55.029999,55.169998,52.869999,53.189999,46.098896,5291900
2013-01-04,53.119999,53.68,52.290001,53.139999,46.055565,4161100
2013-01-07,52.48,52.48,50.77,51.360001,44.512871,6884000
2013-01-08,51.200001,51.779999,51.080002,51.59,44.712204,3575600
2013-01-09,51.560001,52.150002,51.02,51.32,44.478195,4429800
2013-01-10,51.639999,51.84,51.220001,51.509998,44.642864,3403400
2013-01-11,51.279999,51.700001,50.360001,50.580002,43.836853,4615800
2013-01-14,50.669998,51.419998,50.119999,51.349998,44.504192,5000100
2013-01-15,51.349998,52.330002,51.200001,52.240002,45.275551,4499600
2013-01-16,52.130001,54.549999,52.07,54.52,47.251598,8024800
2013-01-17,54.98,55.830002,54.189999,55.150002,47.797596,5976600
2013-01-18,55.209999,55.740002,54.580002,55.07,47.728279,5998800
2013-01-22,55.240002,55.240002,53.919998,54.610001,47.32959,4462000
2013-01-23,54.720001,56.189999,54.200001,55.52,48.118279,4293900
2013-01-24,55.5,56.950001,55.369999,56.119999,48.638283,4702100
2013-01-25,56.5,56.889999,56.110001,56.810001,49.236286,3612300
2013-01-28,57.09,57.68,56.5,57.09,49.478962,4055400
2013-01-29,58,60.450001,57.959999,59.880001,51.897007,8446300
2013-01-30,62.380001,62.91,60.650002,60.759998,52.659687,7922300
2013-01-31,60.369999,61.049999,59.91,60.57,52.495029,5450400
2013-02-01,62,63.25,61.220001,62.75,54.384392,4709200
2013-02-04,62.130001,62.25,61.16,61.220001,53.058353,3796500
2013-02-05,61.720001,61.98,60.98,61.009998,52.876362,4578900
2013-02-06,60.790001,62.5,60.709999,61.720001,53.491711,5068700
2013-02-07,61.880001,63.34,61,63.259998,54.826397,4392600
2013-02-08,63.41,65.239998,63.220001,64.019997,55.485077,4745800
2013-02-11,64,64.660004,63.720001,64.18,55.623753,3097900
2013-02-12,64.620003,64.779999,63.779999,64.43,55.840416,3702400
2013-02-13,64.5,64.5,63.849998,64.110001,55.56308,2777100
2013-02-14,63.77,64.919998,63.75,64.830002,56.187092,3560000
2013-02-15,64.550003,65.379997,63.529999,64.169998,55.615089,3787800
2013-02-19,63.669998,64.879997,63.66,64.760002,56.401089,3091700
2013-02-20,64.75,64.949997,62.540001,62.639999,54.554729,4847000
2013-02-21,62.32,62.919998,61.220001,62.290001,54.249908,5032600
2013-02-22,62.779999,64.120003,62.509998,64.110001,55.834995,3049300
2013-02-25,64.489998,64.739998,61.310001,61.34,53.422531,4294800
2013-02-26,61.48,61.689999,59.939999,61.23,53.326725,4346900
2013-02-27,61.299999,63.119999,61,62.990002,54.859558,2581500
2013-02-28,62.860001,64.269997,62,62.959999,54.833427,4226400
2013-03-01,62.709999,63.93,62.189999,63.900002,55.6521,3150000
2013-03-04,63.84,65.739998,63.540001,65.68,57.202347,3758500
2013-03-05,66.040001,66.050003,64.519997,65.769997,57.280739,3920300
2013-03-06,66,66.970001,65.400002,66.050003,57.52459,2929700
2013-03-07,65.889999,66.120003,64.790001,65.870003,57.367825,3429800
2013-03-08,66.080002,66.279999,65.599998,66.029999,57.507168,4045300
2013-03-11,65.900002,66.080002,63.939999,65.690002,57.211056,4966800
2013-03-12,65.660004,66.400002,65.209999,66.220001,57.672642,4134600
2013-03-13,65.879997,66.040001,64.199997,64.550003,56.218204,4784800
2013-03-14,64.959999,65.449997,64.290001,64.949997,56.56657,3832700
2013-03-15,64.489998,65.239998,64.110001,64.150002,55.869835,5979000
2013-03-18,63.32,65.290001,63.009998,65.029999,56.636242,3643900
2013-03-19,64.879997,66.349998,64.660004,65.410004,56.967201,4124400
2013-03-20,66,68.440002,65.949997,67.540001,58.822258,5087500
2013-03-21,67,67.839996,66.110001,66.82,58.195202,3394800
2013-03-22,66.970001,67.790001,66.839996,67.550003,58.830982,2650400
2013-03-25,67.940002,68.699997,66.650002,66.860001,58.230038,3905300
2013-03-26,66.980003,67.410004,66.370003,67.239998,58.560989,3243600
2013-03-27,67.129997,68.290001,66.459999,68.269997,59.458035,3920600
2013-03-28,68.379997,70.519997,67.959999,69.970001,60.938618,6211100
2013-04-01,70,70.190002,68.730003,69.360001,60.407352,3015200
2013-04-02,70.169998,70.199997,66.709999,66.839996,58.21262,5679900
2013-04-03,66.839996,66.879997,61.470001,62.459999,54.397964,14028500
2013-04-04,62.57,63.950001,61.939999,62.389999,54.336998,6139100
2013-04-05,61.259998,62.970001,60.200001,62.310001,54.26733,5289600
2013-04-08,62.290001,63.799999,61.900002,63.619999,55.408237,3969300
2013-04-09,63.950001,65.230003,62.860001,64.660004,56.314003,4291500
2013-04-10,64.779999,65.209999,63.049999,63.860001,55.617256,6005500
2013-04-11,63.810001,63.860001,61.810001,62.009998,54.006046,6204800
2013-04-12,61.369999,61.740002,59.07,60.669998,52.839016,8305100
2013-04-15,59.18,59.990002,57.080002,57.52,50.095608,7897200
2013-04-16,58.150002,59.32,57.77,59.279999,51.628429,5644000
2013-04-17,58.549999,58.790001,57.16,57.990002,50.504936,4602100
2013-04-18,57.919998,58.540001,56.130001,57.23,49.843014,4270200
2013-04-19,58.139999,58.139999,56.459999,57.84,50.374302,5045100
2013-04-22,58.119999,60.34,58.07,59.43,51.75906,3659300
2013-04-23,59.59,61.419998,59.360001,61.150002,53.257057,5318500
2013-04-24,61.41,63.049999,61.310001,61.82,53.840572,4771700
2013-04-25,62.040001,63.09,61.779999,61.900002,53.910259,4384100
2013-04-26,61.849998,62.080002,61.139999,61.599998,53.64896,3034700
2013-04-29,61.970001,62.299999,61.48,61.799999,53.823158,3444900
2013-04-30,61.93,62.200001,60.02,60.950001,53.082878,5457000
2013-05-01,61.110001,61.939999,59.549999,59.669998,51.968086,5678600
2013-05-02,60.07,60.68,59.16,60.299999,52.516769,4212400
2013-05-03,60.799999,62.66,60.490002,62.18,54.15411,4548900
2013-05-06,62.490002,64.239998,62.32,63.869999,55.625973,3682400
2013-05-07,64.25,65.339996,64.019997,64.480003,56.157238,4676600
2013-05-08,64.230003,64.470001,62.849998,63.41,55.225346,3664300
2013-05-09,63.23,63.27,61.880001,62.130001,54.110561,3436900
2013-05-10,61.73,62.200001,61,61.380001,53.457371,5059200
2013-05-13,61.130001,62.279999,60.389999,61.970001,53.97121,3829500
2013-05-14,62.060001,64.18,62,64.080002,55.808872,6212800
2013-05-15,63.73,65.480003,63.73,64.949997,56.56657,5621700
2013-05-16,64.709999,65.410004,63.720001,63.84,55.868645,3994700
2013-05-17,64.199997,65.919998,64.18,65.459999,57.286369,5521600
2013-05-20,65.32,66.849998,65.32,65.959999,57.723934,4531600
2013-05-21,66.099998,66.709999,64.889999,65.419998,57.251358,4505200
2013-05-22,65.300003,66.620003,64.800003,65.389999,57.225113,4482700
2013-05-23,64.440002,65.559998,63.900002,65.25,57.102589,2380300
2013-05-24,64.769997,65.5,63.799999,65.470001,57.295116,2518400
2013-05-28,66.389999,66.980003,65.919998,66.519997,58.213997,2792000
2013-05-29,66.209999,67.339996,65.650002,66.839996,58.494061,3135200
2013-05-30,66.349998,67.110001,65.68,66.769997,58.432789,2896400
2013-05-31,66.639999,67.889999,66.279999,66.57,58.257767,3506400
2013-06-03,67.040001,67.089996,64.279999,66.080002,57.828941,4022900
2013-06-04,65.800003,66.18,64.300003,65.18,57.041332,2890200
2013-06-05,64.940002,65.349998,63.529999,63.610001,55.667366,3064900
2013-06-06,63.68,65.150002,63.349998,65,56.883812,2637300
2013-06-07,65.440002,66.199997,65.18,65.870003,57.64518,2774600
2013-06-10,65.93,66.389999,65.010002,65.110001,56.980072,2372500
2013-06-11,64.050003,64.730003,63.700001,63.959999,55.973663,3202200
2013-06-12,64.879997,65.209999,63.18,63.310001,55.404827,3967600
2013-06-13,63.09,64.82,62.369999,64.510002,56.455002,3336300
2013-06-14,64.709999,64.970001,63.77,63.810001,55.842396,1833900
2013-06-17,64.199997,64.690002,63.98,64.260002,56.236206,3341200
2013-06-18,64.480003,65,64.25,64.389999,56.349983,2336900
2013-06-19,64.269997,64.870003,63.509998,63.630001,55.684872,3341500
2013-06-20,62.580002,62.689999,60.060001,60.389999,52.849434,5087000
2013-06-21,61.02,61.23,58.060001,59.25,51.851776,6354700
2013-06-24,58.459999,58.77,56.84,57.189999,50.049,4938400
2013-06-25,58.290001,59.709999,58.290001,59.41,51.991795,3453600
2013-06-26,60.099998,60.959999,59.560001,59.720001,52.263096,2706600
2013-06-27,60.32,60.41,58.450001,59.220001,51.82552,3883300
2013-06-28,59.139999,59.75,58.77,58.91,51.554234,3573800
2013-07-01,59.240002,60.240002,58.669998,58.900002,51.545483,3486700
2013-07-02,58.849998,59.209999,56.610001,57.080002,49.952736,4998500
2013-07-03,56.75,57.709999,54.799999,57.68,50.477818,6190900
2013-07-05,57.84,57.889999,55.41,57.240002,50.092758,3653200
2013-07-08,57.709999,59.169998,57.639999,58.75,51.414211,3067800
2013-07-09,59.02,59.369999,58.41,58.509998,51.204178,3271200
2013-07-10,58.41,58.630001,55.939999,56.09,49.086349,5874000
2013-07-11,57.049999,57.900002,56.02,57.759998,50.547825,5355200
2013-07-12,56.900002,59.639999,56.900002,59.09,51.711761,6108800
2013-07-15,59.450001,59.849998,58.779999,59.23,51.834278,4202400
2013-07-16,59.209999,59.419998,57.150002,57.639999,50.442806,6289800
2013-07-17,57.82,58.419998,57.099998,58.040001,50.792866,3527400
2013-07-18,58.189999,58.279999,56.709999,56.919998,49.81271,4328100
2013-07-19,57.439999,57.830002,56.720001,57.490002,50.311546,3960500
2013-07-22,57.880001,58.450001,57.18,57.959999,50.722855,4093500
2013-07-23,58.470001,59.709999,58.349998,59.490002,52.061813,3938200
2013-07-24,59.650002,59.650002,57.700001,58.84,51.492962,4041900
2013-07-25,58.68,59.700001,58.240002,59.419998,52.000546,4551000
2013-07-26,59.25,59.84,58.709999,59,51.632988,2603600
2013-07-29,59,59.290001,58.57,58.959999,51.59798,852400
2013-07-30,59.049999,59.25,57.91,58.470001,51.169174,4076700
2013-07-31,57.32,61.970001,57.130001,61.5,53.820835,8186700
2013-08-01,61.869999,61.91,60.32,60.52,52.963192,3918500
2013-08-02,60.130001,60.130001,58.07,58.41,51.116661,5612800
2013-08-05,58.279999,58.299999,57.299999,57.799999,50.582836,4125100
2013-08-06,57.639999,59.150002,57.639999,58.310001,51.029148,4863300
2013-08-07,58.240002,58.689999,57.560001,57.959999,50.722855,3824100
2013-08-08,58.02,59.360001,57.900002,59,51.632988,3254800
2013-08-09,59,59.310001,58.57,58.919998,51.562984,3178500
2013-08-12,58.439999,58.98,57.720001,58.169998,50.906628,3295100
2013-08-13,58.389999,59.189999,58,59.09,51.711761,3180300
2013-08-14,59,59.18,58.380001,58.790001,51.722755,2358500
2013-08-15,58.27,58.43,57.040001,57.150002,50.2799,3495300
2013-08-16,56.889999,56.990002,56.07,56.299999,49.532078,3478700
2013-08-19,56.279999,56.849998,55.25,55.34,48.687481,3212100
2013-08-20,55.23,57.689999,54.900002,57.009998,50.156731,3870800
2013-08-21,56.73,58.490002,56.299999,57.950001,50.983723,3784200
2013-08-22,57.98,58.869999,57.52,58.110001,51.124496,3009300
2013-08-23,58.450001,59.240002,57.939999,58.110001,51.124496,2951800
2013-08-26,58.169998,59.09,57.880001,58.130001,51.142086,2843800
2013-08-27,57.709999,58,57.09,57.099998,50.235912,2979300
2013-08-28,57.200001,58.299999,57.200001,58.029999,51.054111,2220300
2013-08-29,57.869999,58.470001,57.380001,57.720001,50.78138,2119000
2013-08-30,57.950001,58.5,56.950001,57.099998,50.235912,2661100
2013-09-03,57.759998,58.439999,57.330002,58.110001,51.124496,3045700
2013-09-04,57.919998,59.32,57.580002,59.029999,51.933899,4079400
2013-09-05,58.68,59.099998,57.790001,57.799999,50.851765,3849800
2013-09-06,57.91,58.110001,56.900002,57.419998,50.517445,2800400
2013-09-09,57.07,57.919998,57.02,57.470001,50.561436,3102600
2013-09-10,57.439999,57.439999,56.68,56.790001,49.963181,3476500
2013-09-11,56.830002,57.029999,56.060001,56.93,50.086342,2597300
2013-09-12,56.990002,57.34,56.330002,56.450001,49.664051,2662700
2013-09-13,56.639999,57.73,56.57,57.130001,50.26231,2420800
2013-09-16,57.619999,57.700001,56.709999,56.830002,49.998367,2521900
2013-09-17,56.709999,56.799999,55.810001,56.049999,49.312138,3885000
2013-09-18,56.049999,57.5,56.02,57.25,50.367878,3873300
2013-09-19,58.34,59.209999,57.900002,58.150002,51.159698,4667700
2013-09-20,58.209999,59.299999,57.689999,57.93,50.966141,4944400
2013-09-23,57.73,57.73,56.900002,57.41,50.508648,3067700
2013-09-24,57.240002,58.549999,57.029999,57.77,50.825367,3430500
2013-09-25,57.82,58.549999,57.529999,58.049999,51.071712,3049500
2013-09-26,58.009998,59,58.009998,58.48,51.45002,2709400
2013-09-27,58.099998,58.869999,58.099998,58.529999,51.494007,3027700
2013-09-30,58.009998,58.09,56.880001,57.82,50.869362,4407300
2013-10-01,57.650002,58.220001,57.189999,57.900002,50.939739,2600600
2013-10-02,57.59,59.310001,57.330002,59.18,52.065872,4150400
2013-10-03,58.860001,59.830002,58.599998,59.560001,52.400188,4244400
2013-10-04,59,59.349998,58.389999,59.169998,52.057072,3550700
2013-10-07,58.759998,58.900002,57.900002,57.900002,50.939739,3345300
2013-10-08,57.919998,58.09,56.5,56.889999,50.051151,4211400
2013-10-09,56.82,57.279999,56.509998,56.900002,50.059959,3466300
2013-10-10,57.669998,58.790001,57.619999,58.57,51.529194,4396700
2013-10-11,58.549999,60.810001,58.470001,59.93,52.725712,5680300
2013-10-14,59.57,60.720001,59.25,60.48,53.209595,2891900
2013-10-15,60.389999,60.849998,59.34,59.5,52.347404,3602600
2013-10-16,60.02,60.75,59.860001,60.73,53.429543,2993300
2013-10-17,60.57,62.389999,60.5,62.220001,54.740429,3405000
2013-10-18,62.509998,63.5,62.25,63.48,55.848965,3813800
2013-10-21,63.77,64.190002,63.490002,63.91,56.227268,2985500
2013-10-22,64.339996,65.239998,64.160004,64.879997,57.080669,4264700
2013-10-23,64.370003,65.400002,64.330002,64.660004,56.887119,4215000
2013-10-24,64.540001,64.599998,62.700001,63.23,55.629009,4248900
2013-10-25,63.32,63.720001,62.75,63.400002,55.778576,2206800
2013-10-28,63.77,64.419998,63.139999,63.279999,55.673004,3067700
2013-10-29,63.389999,64.32,63.23,64.139999,56.429623,3213300
2013-10-30,64.099998,65.639999,63.049999,65.230003,57.388588,4687500
2013-10-31,64.980003,65.529999,64.410004,64.43,56.68475,3786300
2013-11-01,64.470001,64.830002,63.290001,64.129997,56.420818,2746900
2013-11-04,64.279999,64.540001,63.389999,64.440002,56.693558,2728600
2013-11-05,64.25,64.809998,63.619999,64.269997,56.543991,3184100
2013-11-06,64.75,65.559998,64.150002,64.360001,56.623177,2979500
2013-11-07,64.279999,64.860001,63.619999,63.84,56.165676,3084200
2013-11-08,63.919998,65.389999,63.66,65.360001,57.502968,3252600
2013-11-11,65.150002,65.580002,64.790001,65.489998,57.617336,2437700
2013-11-12,64.93,66.230003,64.830002,65.410004,57.891712,3229900
2013-11-13,65.279999,66.059998,64.529999,66.050003,58.458141,3427000
2013-11-14,66.239998,68.360001,66.230003,67.559998,59.794582,4088500
2013-11-15,67.300003,67.620003,66.519997,67.099998,59.387455,4106300
2013-11-18,67.620003,68.050003,67.050003,67.209999,59.484814,2723300
2013-11-19,67.139999,68.540001,66.919998,67.769997,59.980438,3246100
2013-11-20,68.220001,68.389999,66.800003,67.029999,59.325485,2923500
2013-11-21,67.059998,67.639999,65.839996,67.5,59.741474,2933400
2013-11-22,67.849998,68.800003,67.540001,68.480003,60.608826,3108000
2013-11-25,68.480003,69.349998,68.129997,68.639999,60.750439,2808300
2013-11-26,68.790001,69.230003,68.129997,68.75,60.847809,3094400
2013-11-27,68.599998,71,68.400002,70.120003,62.060333,4526400
2013-11-29,70.029999,70.720001,69.410004,69.610001,61.608948,1688100
2013-12-02,70,71.75,69.669998,71.360001,63.157803,3900900
2013-12-03,71.059998,71.269997,69.540001,70.599998,62.485161,4299300
2013-12-04,69.699997,70.480003,68.330002,69.589996,61.59124,5377100
2013-12-05,69.82,70.5,69.169998,69.730003,61.715149,3978800
2013-12-06,70.330002,72.5,70,71.239998,63.051605,5174200
2013-12-09,72.300003,73.169998,71.699997,71.830002,63.573795,4297300
2013-12-10,71.25,72.440002,69.540001,71.610001,63.379074,4233700
2013-12-11,71.639999,71.690002,70.290001,70.849998,62.706425,3890300
2013-12-12,70.800003,71.690002,70.440002,71.220001,63.03389,2773000
2013-12-13,71.25,72.019997,70.57,71.599998,63.370213,2711400
2013-12-16,71.68,73.260002,71.529999,72.610001,64.264122,2741600
2013-12-17,72.610001,73.269997,72.25,72.599998,64.255287,2438200
2013-12-18,72.559998,74.120003,72.209999,73.980003,65.476654,3960900
2013-12-19,73.550003,74.389999,72.699997,72.919998,64.538498,3505000
2013-12-20,73.199997,74.529999,73.050003,74.029999,65.520897,4906800
2013-12-23,74.5,75.389999,74.279999,74.410004,65.857239,2556800
2013-12-24,74.739998,74.970001,74.290001,74.739998,66.149323,1065000
2013-12-26,75,75.290001,74.68,75.120003,66.485626,1187000
2013-12-27,75.139999,75.18,74.190002,74.75,66.158157,1688800
2013-12-30,75.010002,75.599998,74.690002,74.720001,66.131599,2252200
2013-12-31,75.269997,77.290001,75.18,77.129997,68.26458,2993900
2014-01-02,77.169998,77.32,76.360001,76.449997,67.662743,2846700
2014-01-03,76.360001,76.989998,76.150002,76.290001,67.521133,1958200
2014-01-06,76.510002,77.489998,76.400002,77.010002,68.158409,2815600
2014-01-07,77.07,77.830002,76.669998,77.019997,68.167259,4005700
2014-01-08,77.25,77.410004,76.150002,76.870003,68.034462,4492200
2014-01-09,77.010002,78.25,76.879997,78.129997,69.149635,4187400
2014-01-10,78.389999,79,77.239998,78,69.034592,3019900
2014-01-13,78.199997,78.199997,75.489998,75.809998,67.096313,3046300
2014-01-14,76.150002,76.709999,75.800003,76.489998,67.698143,3359100
2014-01-15,76.5,76.529999,74.75,75.540001,66.857346,3697800
2014-01-16,75.309998,75.730003,74.669998,75.389999,66.724586,3231900
2014-01-17,74.870003,76.620003,74.849998,76.019997,67.282181,3901600
2014-01-21,76.029999,77.400002,76.029999,76.900002,68.061043,2792000
2014-01-22,77.300003,77.599998,76.089996,77.099998,68.238045,2748300
2014-01-23,77.519997,78.099998,76.040001,77.199997,68.326546,4105600
2014-01-24,76.220001,76.349998,73.599998,74.440002,65.883774,4712700
2014-01-27,74.57,75.699997,73.779999,74.900002,66.290924,3408300
2014-01-28,73.919998,75.459999,73.919998,75.080002,66.450226,2792000
2014-01-29,74.029999,76.900002,70.809998,74.18,65.653671,5942000
2014-01-30,74.440002,74.970001,73.370003,73.559998,65.104935,4595300
2014-01-31,73.099998,74.580002,72.75,73.089996,64.688957,5799800
2014-02-03,73.120003,73.580002,71.139999,71.360001,63.157803,5620300
2014-02-04,71.510002,71.75,68.779999,71.139999,62.963093,4647500
2014-02-05,70.75,71.550003,69.110001,70.669998,62.547092,6071000
2014-02-06,71.300003,73.620003,70.889999,73.300003,64.874832,5388900
2014-02-07,73.699997,74.43,72.910004,74.279999,65.742172,3310400
2014-02-10,74.349998,74.690002,72.029999,72.269997,63.963203,3743600
2014-02-11,72.300003,74.260002,72.239998,74.089996,65.574005,3711500
2014-02-12,74.169998,74.599998,73.360001,73.639999,65.175728,3045200
2014-02-13,72.75,74.919998,72.629997,74.650002,66.421425,3234400
2014-02-14,74.470001,75.980003,74.260002,75.93,67.560333,2408700
2014-02-18,76.209999,76.989998,75.269997,75.379997,67.070946,2813700
2014-02-19,75.220001,76.949997,75.019997,75.269997,66.973068,3700300
2014-02-20,75.019997,75.760002,74.75,75.290001,66.990868,3164800
2014-02-21,75.080002,75.690002,74.809998,74.949997,66.688354,3210500
2014-02-24,75.010002,77.769997,75.010002,76.25,67.845062,3631400
2014-02-25,76.230003,78.309998,75.900002,77.529999,68.983963,4201700
2014-02-26,77.440002,77.93,76.449997,76.760002,68.298843,3384100
2014-02-27,76.480003,76.800003,74.330002,74.739998,66.501511,5635900
2014-02-28,74.779999,78.889999,74.379997,74.860001,66.608292,4209000
2014-03-03,74.650002,75.769997,74.370003,74.860001,66.608292,2672200
2014-03-04,75.550003,76.199997,74.900002,76.080002,67.693794,2380300
2014-03-05,75.800003,76.93,75.449997,76.809998,68.343323,2815300
2014-03-06,76.980003,78.790001,76.949997,78.139999,69.526711,3699300
2014-03-07,78.5,78.779999,77.349998,78.080002,69.473335,2243500
2014-03-10,78,79.199997,77.82,78.660004,69.989403,2371900
2014-03-11,78.629997,79.379997,78.010002,79.080002,70.363113,3068100
2014-03-12,79.089996,80.290001,79.059998,80,71.181686,3437700
2014-03-13,80.07,80.389999,77.720001,78.139999,69.526711,3439100
2014-03-14,78.029999,79.410004,78,78.690002,70.01609,2751000
2014-03-17,78.860001,79.720001,78.739998,79.349998,70.603348,2640700
2014-03-18,79.32,80.360001,78.910004,80.349998,71.493118,3002000
2014-03-19,80.239998,80.25,77.919998,78.43,69.784744,2894800
2014-03-20,78.07,78.959999,77.529999,78.5,69.847031,3108200
2014-03-21,80.120003,80.120003,77.82,77.949997,69.357666,4624400
2014-03-24,78.370003,78.699997,77.019997,77.419998,68.886086,3287000
2014-03-25,77.239998,78.739998,77.239998,78.199997,69.580109,3040600
2014-03-26,78.470001,78.800003,76.919998,77.209999,68.699234,2657000
2014-03-27,77.290001,77.669998,76.730003,76.860001,68.387817,3430600
2014-03-28,77,77.400002,76.510002,76.650002,68.200958,3014100
2014-03-31,77.300003,77.559998,76.870003,77.059998,68.56575,3071500
2014-04-01,77.220001,79.639999,76.93,79.580002,70.807999,4031200
2014-04-02,79.169998,79.5,77.889999,79.239998,70.505463,3083000
2014-04-03,79.669998,80.910004,79.669998,80.599998,71.715561,3319400
2014-04-04,81.010002,81.43,79.150002,79.57,70.799095,3315400
2014-04-07,79.099998,79.949997,77.879997,77.949997,69.357666,3224400
2014-04-08,78.059998,78.669998,77.010002,77.559998,69.010658,3338900
2014-04-09,78.029999,78.709999,77.230003,78.330002,69.695793,2515700
2014-04-10,78.269997,79.379997,76.669998,76.690002,68.236549,3875400
2014-04-11,76.629997,78.059998,76.18,76.75,68.28994,5550200
2014-04-14,77.110001,78.029999,76.639999,78.010002,69.411049,2673900
2014-04-15,77.760002,78.709999,76.739998,78.68,70.007195,3647700
2014-04-16,79.419998,81.150002,78.629997,81.110001,72.169357,3800900
2014-04-17,80.669998,81.349998,80,80.279999,71.430824,4512100
2014-04-21,80.360001,82.150002,80.190002,81.82,72.801079,2938800
2014-04-22,81.330002,82.470001,80.730003,81.980003,72.943443,2987200
2014-04-23,81.849998,82.949997,81.5,82.300003,73.22818,2077200
2014-04-24,82.599998,83.050003,81.760002,82.57,73.468414,2592200
2014-04-25,82.529999,83.099998,82.029999,82.589996,73.486206,2544900
2014-04-28,82.889999,84.400002,81.870003,84.050003,74.785278,3864300
2014-04-29,84.529999,84.849998,83.339996,83.75,74.518326,2732500
2014-04-30,83.910004,84.5,83.110001,83.220001,74.046768,2860200
2014-05-01,83.269997,84.669998,83.089996,84.050003,74.785278,2602300
2014-05-02,83.989998,84.550003,83.43,83.529999,74.322578,2095700
2014-05-05,83.139999,83.989998,82.650002,83.93,74.67849,2101300
2014-05-06,84.129997,85.419998,83.660004,84.260002,74.972122,2669000
2014-05-07,84.669998,85.25,83.470001,85.029999,75.657242,2584100
2014-05-08,84.209999,84.75,82.489998,82.919998,73.779823,3057500
2014-05-09,82.720001,83.190002,80.82,81.910004,72.881157,3687700
2014-05-12,82.639999,84.080002,82.559998,83.540001,74.331482,3181100
2014-05-13,83.779999,84.739998,83.470001,84.260002,74.972122,2566700
2014-05-14,84.059998,84.68,82.959999,83.559998,74.349281,3143600
2014-05-15,83.010002,83.010002,81.290001,82.010002,73.409386,11581500
2014-05-16,81.849998,82.370003,81.230003,81.860001,73.275139,2305200
2014-05-19,81.989998,83.099998,81.860001,82.730003,74.053879,2907900
2014-05-20,82.449997,83.239998,81.860001,81.970001,73.373589,2316600
2014-05-21,82.239998,82.620003,80.900002,81.589996,73.03344,6323700
2014-05-22,81.690002,82.860001,81.589996,82.379997,73.740593,2433300
2014-05-23,82.349998,82.709999,82.029999,82.029999,73.427292,2540600
2014-05-27,82.260002,82.410004,81.459999,82.18,73.561569,3004300
2014-05-28,82.050003,83.449997,82.040001,82.989998,74.286629,3488700
2014-05-29,83.239998,84.410004,82.82,84.32,75.477135,2451600
2014-05-30,84.360001,85.120003,84.169998,84.790001,75.897842,4139400
2014-06-02,84.989998,85.449997,84.410004,85.239998,76.300652,2520000
2014-06-03,84.889999,85.18,84.379997,84.540001,75.674065,2335700
2014-06-04,84.059998,84.660004,83.550003,83.699997,74.92215,2449600
2014-06-05,84.07,84.639999,83.419998,83.519997,74.761032,3736300
2014-06-06,83.949997,84.599998,83.550003,84.360001,75.512924,2492800
2014-06-09,84.18,84.510002,83.339996,83.730003,74.949028,2308600
2014-06-10,83.599998,83.900002,82.440002,82.830002,74.143402,2394900
2014-06-11,82.360001,83.160004,82.190002,82.889999,74.197098,2355300
2014-06-12,83.370003,83.709999,82.43,82.800003,74.116562,2879000
2014-06-13,82.800003,83.57,82.400002,83.489998,74.7342,4330000
2014-06-16,83.519997,83.650002,82.940002,83.440002,74.689423,2279700
2014-06-17,83.010002,84.099998,82.5,84.07,75.253365,2965900
2014-06-18,83.879997,84.550003,82.93,84.5,75.638245,2617000
2014-06-19,84.709999,85.540001,84.620003,85.260002,76.318565,2950200
2014-06-20,85.589996,86.279999,85.25,85.940002,76.927238,7281900
2014-06-23,86.25,86.82,85.919998,86.330002,77.276352,2316700
2014-06-24,86.019997,87.050003,84.669998,84.940002,76.03212,2801900
2014-06-25,80.949997,82.660004,79.160004,81.360001,72.827576,10144700
2014-06-26,81.919998,82.459999,81.089996,82.099998,73.489952,5304200
2014-06-27,81.68,82.07,81.019997,81.489998,72.943924,5490200
2014-06-30,81.059998,81.190002,80.050003,80.43,71.995094,3392600
2014-07-01,80.599998,80.830002,79.940002,80.599998,72.147263,3127100
2014-07-02,80.639999,81.510002,80.599998,81,72.50531,2437000
2014-07-03,81.199997,81.949997,81,81.5,72.952881,1712300
2014-07-07,81.330002,81.440002,79.940002,80.5,72.057762,2226500
2014-07-08,80.309998,80.529999,79.029999,79.279999,70.965706,3010600
2014-07-09,79.660004,80.190002,78.529999,79.809998,71.440102,3278400
2014-07-10,78.720001,80.089996,78.690002,79.730003,71.3685,2722600
2014-07-11,79.550003,80.550003,79.510002,80.290001,71.869766,2235200
2014-07-14,80.879997,80.900002,79.629997,79.949997,71.565422,8384700
2014-07-15,79.739998,81.5,79.419998,81.120003,72.612732,8653600
2014-07-16,81.209999,81.870003,80.410004,80.839996,72.362083,2888000
2014-07-17,80.400002,80.980003,79.400002,79.540001,71.198441,2370200
2014-07-18,79.910004,81.040001,79.449997,80.860001,72.380005,3127200
2014-07-21,80.400002,80.800003,80,80.160004,71.753403,2102800
2014-07-22,80.739998,81.150002,80.239998,80.5,72.057762,2733900
2014-07-23,80.550003,81.730003,80.449997,81.269997,72.746994,2118400
2014-07-24,81.730003,82.830002,81.300003,82.099998,73.489952,3517400
2014-07-25,82.139999,82.870003,81.830002,82.650002,73.982277,2064000
2014-07-28,83,83,81.660004,82.610001,73.946472,2359500
2014-07-29,82.919998,83.25,82.470001,82.470001,73.821144,3163300
2014-07-30,82.190002,83.410004,81.309998,81.720001,73.149811,2664700
2014-07-31,81.139999,82.510002,80.559998,81.110001,72.603783,3120000
2014-08-01,80.620003,81.010002,79.25,80.540001,72.093559,4488000
2014-08-04,80.809998,82.040001,80.239998,81.879997,73.29303,2934400
2014-08-05,81.440002,81.650002,80.580002,81.010002,72.514267,2735500
2014-08-06,80.75,82.900002,80.75,82.279999,73.651085,2730200
2014-08-07,82.5,83.029999,81.169998,81.519997,72.970772,2532100
2014-08-08,82,83.169998,81.309998,83.050003,74.34034,2290400
2014-08-11,83.510002,83.849998,82.300003,82.389999,73.749542,2293700
2014-08-12,82.580002,82.93,82.139999,82.559998,73.901703,2113300
2014-08-13,82.559998,82.879997,81.970001,82.779999,74.550125,2411200
2014-08-14,82.949997,83.910004,82.550003,83.690002,75.369659,2849900
2014-08-15,83.849998,84.370003,83.5,83.790001,75.459709,4763500
2014-08-18,84.269997,86.080002,84.269997,85.610001,77.098778,3347700
2014-08-19,85.610001,86.400002,85.339996,86.089996,77.531052,2676900
2014-08-20,85.989998,86.790001,85.650002,86.599998,77.990356,2128300
2014-08-21,86.699997,86.720001,86.010002,86.239998,77.666161,1767600
2014-08-22,86.050003,86.279999,85.470001,86.089996,77.531052,1633900
2014-08-25,86.379997,87.099998,86.120003,86.900002,78.260521,1903500
2014-08-26,86.870003,87.099998,86.260002,86.669998,78.053383,1869300
2014-08-27,86.699997,87,86.029999,86.440002,77.84626,1824500
2014-08-28,86.029999,86.919998,85.82,86.610001,77.999367,1188200
2014-08-29,86.580002,87.150002,86.449997,87.019997,78.368599,2150300
2014-09-02,86.910004,87.199997,86.019997,86.949997,78.305542,2376000
2014-09-03,87.199997,87.980003,86.800003,87.239998,78.566711,2881000
2014-09-04,87.220001,87.870003,86.540001,86.879997,78.242508,3332000
2014-09-05,86.940002,87.660004,86.059998,87.510002,78.809906,2236800
2014-09-08,87.449997,87.599998,87.019997,87.059998,78.404617,2060200
2014-09-09,87,87.540001,85.949997,86.470001,77.873268,2486700
2014-09-10,86.129997,86.410004,83.900002,85.139999,76.675507,4590100
2014-09-11,84.580002,85.110001,83.57,84.010002,75.657852,3313500
2014-09-12,83.879997,84.239998,82.550003,83.019997,74.766258,2782700
2014-09-15,83.040001,84.019997,82.690002,83.900002,75.558777,2412600
2014-09-16,83.779999,86.68,83.5,85.779999,77.251869,5220300
2014-09-17,85.940002,86.379997,85.290001,85.690002,77.17083,4135200
2014-09-18,85.709999,86.389999,85.370003,85.889999,77.350929,3497400
2014-09-19,86.040001,86.379997,85.580002,85.75,77.224861,3614200
2014-09-22,85.5,85.529999,83.690002,83.839996,75.504753,2576400
2014-09-23,83.849998,84.849998,83.139999,83.260002,74.982407,2168700
2014-09-24,82.949997,83.339996,81.610001,82.690002,74.469093,2514100
2014-09-25,82.830002,82.830002,81.739998,81.739998,73.613518,2420500
2014-09-26,81.599998,82.519997,81.599998,82.230003,74.05481,3274500
2014-09-29,81.370003,82.300003,81.080002,81.769997,73.640526,2073500
2014-09-30,81.5,81.879997,80.68,81.309998,73.226273,5197200
2014-10-01,81.309998,82,79.559998,79.629997,71.713287,4192300
2014-10-02,79.18,79.389999,75.940002,77.760002,70.029213,8948800
2014-10-03,78.230003,78.279999,77.040001,77.639999,69.921143,4846200
2014-10-06,77.699997,78.120003,76.699997,77.349998,69.659966,2580100
2014-10-07,77.589996,78.800003,77.150002,77.349998,69.659966,3654200
2014-10-08,77.830002,79.209999,76.519997,79.160004,71.290031,4384500
2014-10-09,78.970001,79.370003,76.559998,76.610001,68.993546,3570400
2014-10-10,76.75,77.730003,74.809998,76.32,68.732384,4702000
2014-10-13,75.980003,77.139999,72.849998,73.050003,65.787476,5176000
2014-10-14,73.519997,74.160004,70.110001,70.589996,63.572037,9368900
2014-10-15,69.82,70.860001,66.239998,67.889999,61.140472,11400000
2014-10-16,67.459999,70.519997,66.120003,69.709999,62.779526,8930400
2014-10-17,70.690002,73.150002,70.190002,72.209999,65.030983,8218500
2014-10-20,71.760002,72.900002,71.660004,72.349998,65.157059,3495500
2014-10-21,74.349998,77.080002,72.93,76.809998,69.173653,6745200
2014-10-22,76.75,77.550003,75.349998,75.389999,67.894829,5186800
2014-10-23,76.419998,77.07,75.959999,76.120003,68.552261,3218500
2014-10-24,76.150002,76.57,74.849998,76.489998,68.885475,2924800
2014-10-27,75.650002,76.110001,74.529999,75.480003,67.975899,4295500
2014-10-28,75.849998,77.720001,75.169998,77.529999,69.822067,7580200
2014-10-29,78.559998,78.970001,75.610001,76.389999,68.795403,4319500
2014-10-30,76.349998,77.57,75.629997,77.400002,69.705009,3747000
2014-10-31,77.699997,78.760002,76.650002,78.5,70.695648,3848500
2014-11-03,78.459999,78.849998,76.379997,76.68,69.056587,5523700
2014-11-04,76.019997,76.440002,73.480003,74.489998,67.084312,6013000
2014-11-05,74.900002,76.370003,73.68,74.739998,67.309464,5429500
2014-11-06,75.18,75.639999,74.32,75.419998,67.921844,4054400
2014-11-07,75.300003,75.589996,74.279999,74.699997,67.27343,5464000
2014-11-10,75,75.599998,74.379997,74.5,67.093315,3332200
2014-11-11,74.889999,75.150002,73.230003,73.639999,66.31881,3976000
2014-11-12,72.970001,74.209999,72.849998,73.040001,66.228142,3703800
2014-11-13,72.629997,72.720001,70.220001,70.830002,64.224236,5418400
2014-11-14,70.940002,71.839996,70.800003,71.779999,65.085655,7638900
2014-11-17,71.790001,73.120003,71.790001,72.779999,65.992378,4327600
2014-11-18,73.150002,74.540001,72.82,73.959999,67.06234,4730000
2014-11-19,74.139999,76.080002,73.790001,75.769997,68.703529,4721100
2014-11-20,75.519997,77.989998,75.5,77.830002,70.571426,4789900
2014-11-21,79.010002,80.32,78.220001,79.419998,72.013123,5331200
2014-11-24,79.129997,79.900002,79.059998,79.419998,72.013123,2976700
2014-11-25,79.760002,80.169998,79.019997,79.540001,72.121948,3458700
2014-11-26,79.57,79.650002,78.699997,79.279999,71.886192,4383900
2014-11-28,78.410004,78.599998,72.760002,73.019997,66.209999,5301900
2014-12-01,73,73.730003,71.07,71.860001,65.158203,7524300
2014-12-02,71.75,74.290001,71.75,73.760002,66.881004,5166700
2014-12-03,73.809998,75.260002,73.790001,74.830002,67.851204,3270600
2014-12-04,74.330002,75.239998,73.620003,74.970001,67.978142,3904000
2014-12-05,74.82,75.190002,72.919998,73.019997,66.209999,4252400
2014-12-08,72.230003,72.629997,68.709999,68.93,62.501453,6709000
2014-12-09,68.559998,69.129997,67.559998,68.809998,62.392635,5270200
2014-12-10,67.629997,68.349998,66.419998,67.110001,60.851192,5589700
2014-12-11,67.110001,68.120003,66.620003,66.82,60.588234,4743700
2014-12-12,66.300003,67.120003,65.309998,65.68,59.554554,4427800
2014-12-15,66.650002,67.419998,64.870003,65.089996,59.019577,9156000
2014-12-16,64.599998,68.629997,64.019997,67.040001,60.787716,6209400
2014-12-17,66.779999,69.150002,66.620003,68.360001,61.984612,4530100
2014-12-18,69.900002,70.300003,66.830002,69.029999,62.592117,5258500
2014-12-19,69.599998,71.889999,69.080002,71.809998,65.112854,6677000
2014-12-22,71.059998,71.650002,70.300003,71.230003,64.586952,3540100
2014-12-23,71.489998,72.730003,71.300003,72.559998,65.792908,3717500
2014-12-24,72.099998,72.589996,71.309998,72.099998,65.375809,2090100
2014-12-26,72.339996,73.339996,72.099998,72.650002,65.874512,1842900
2014-12-29,73.010002,73.370003,72.099998,72.82,66.028664,2980000
2014-12-30,72.800003,73.610001,72.190002,72.919998,66.119339,3144000
2014-12-31,72.699997,73.029999,71.660004,71.699997,65.0131,2655600
2015-01-02,71.610001,72.449997,70.949997,72.290001,65.548096,2545200
2015-01-05,71.239998,71.589996,67.139999,67.919998,61.585655,5886000
2015-01-06,67.660004,68.760002,66.019997,66.019997,59.862831,5793500
2015-01-07,66.769997,67.889999,65.900002,66.309998,60.125793,5556700
2015-01-08,67.099998,68.900002,66.599998,68.889999,62.465199,5432700
2015-01-09,68.309998,68.5,66.699997,67.309998,61.032528,4315300
2015-01-12,66.480003,66.519997,63.830002,64.239998,58.248848,5232300
2015-01-13,64.309998,64.790001,61.369999,61.5,55.764385,8886400
2015-01-14,60.639999,60.98,57.330002,59.419998,53.878372,11611100
2015-01-15,60.240002,60.5,58.68,59.09,53.579147,5531100
2015-01-16,59,61.080002,59,60.830002,55.156872,4978600
2015-01-20,61.790001,63.709999,61.09,63.619999,57.686672,7589500
2015-01-21,64.269997,66.620003,63.700001,66.25,60.071404,7109000
2015-01-22,66.839996,67.589996,65.970001,67.309998,61.032528,5501500
2015-01-23,67.470001,69.190002,66.970001,68.519997,62.129688,4607800
2015-01-26,68.639999,69.040001,67.610001,68.400002,62.020885,4149700
2015-01-27,67.699997,69.779999,67.519997,69.599998,63.108967,4407900
2015-01-28,69.800003,70.059998,68.32,68.370003,61.993675,6039300
2015-01-29,69.949997,70.690002,68.650002,70.480003,63.906895,5810100
2015-01-30,69.730003,71.269997,68.839996,70.32,63.761814,5793200
2015-02-02,71.309998,72.800003,70.07,72.800003,66.010536,4818900
2015-02-03,73.720001,74.940002,73.330002,74.879997,67.896553,6641800
2015-02-04,73.830002,75.129997,72.769997,74.419998,67.479431,5353000
2015-02-05,75.300003,75.889999,74.330002,75.209999,68.195778,3014400
2015-02-06,75.32,76.620003,75.099998,76.099998,69.002762,3517400
2015-02-09,76.269997,76.620003,75.690002,75.93,68.84861,2783100
2015-02-10,75.199997,75.860001,73.839996,75.669998,68.612862,3340600
2015-02-11,74.93,75.010002,73.339996,74.190002,67.270897,4125600
2015-02-12,74.730003,75.32,74.080002,75.110001,68.5672,2812700
2015-02-13,75.760002,76.650002,75.32,76.620003,69.945679,3479200
2015-02-17,76.379997,77.279999,75.870003,76.900002,70.201294,3523800
2015-02-18,76.010002,76.610001,75.480003,75.949997,69.334015,3945500
2015-02-19,75.470001,77.879997,74.940002,77.43,70.685104,4599000
2015-02-20,77.519997,78.169998,76.269997,77.339996,70.602943,4566600
2015-02-23,76.75,79.459999,76.75,79.330002,72.419594,3785500
2015-02-24,79.709999,80.07,78.330002,80,73.031235,4360200
2015-02-25,79.879997,80.589996,78.910004,79.089996,72.200493,2959700
2015-02-26,78.989998,80.18,78.379997,80.059998,73.086014,4279900
2015-02-27,80.099998,80.440002,78.440002,78.459999,71.625366,4296600
2015-03-02,78.459999,78.459999,76.169998,77,70.292564,5976200
2015-03-03,77.529999,78.379997,77.480003,78.089996,71.287613,3361500
2015-03-04,77.699997,78.080002,77.080002,77.959999,71.16893,2190700
2015-03-05,78.199997,78.349998,76.860001,76.879997,70.183014,2721700
2015-03-06,76.160004,77.300003,75.139999,75.360001,68.795441,3681700
2015-03-09,75.440002,77.470001,75.440002,76.290001,69.644394,3630500
2015-03-10,75.839996,75.839996,74.019997,74.029999,67.581276,3490700
2015-03-11,74.279999,75,74.160004,74.550003,68.055977,2422400
2015-03-12,75.099998,75.910004,74.010002,74.160004,67.699944,2960800
2015-03-13,74.139999,74.760002,73.540001,74.639999,68.138145,2848900
2015-03-16,74.32,76.32,74.059998,76.290001,69.644394,2471600
2015-03-17,75.589996,76.290001,74.739998,75.949997,69.334015,2539400
2015-03-18,75.639999,78.589996,75.349998,78.120003,71.314995,4707500
2015-03-19,77.220001,77.870003,76.690002,77.510002,70.758133,2647400
2015-03-20,77.699997,78.879997,77,78.860001,71.990547,5172300
2015-03-23,79,79.489998,78.519997,78.529999,71.689278,2731700
2015-03-24,78.379997,78.529999,77.379997,77.629997,70.867683,2198400
2015-03-25,78.589996,80.080002,78.330002,79,72.118332,4135100
2015-03-26,79.699997,79.93,78.400002,78.440002,71.607124,2035800
2015-03-27,78.610001,78.839996,77.32,77.610001,70.849426,1949200
2015-03-30,78.260002,80.040001,78.150002,79.559998,72.629562,3035700
2015-03-31,78.449997,79.389999,78.400002,78.599998,71.753181,2715700
2015-04-01,79.07,80.300003,78.940002,79.940002,72.976463,3245900
2015-04-02,79.279999,80.07,77.940002,78.169998,71.360634,4424700
2015-04-06,78.489998,79.330002,77.82,78.550003,71.707542,3260600
2015-04-07,78.639999,78.849998,77.699997,77.769997,70.995476,2776100
2015-04-08,78.059998,78.800003,77.169998,77.410004,70.666855,2352500
2015-04-09,77.279999,77.910004,76.800003,77.809998,71.032005,3572700
2015-04-10,78,78.540001,77.559998,78.339996,71.515831,2306300
2015-04-13,78.449997,78.480003,76.43,76.93,70.228668,3996800
2015-04-14,77.580002,78.239998,77.279999,77.830002,71.05027,3388900
2015-04-15,77.949997,79.18,77.900002,78.940002,72.06356,2989800
2015-04-16,78.82,79.470001,78.129997,79.239998,72.337433,2545700
2015-04-17,78.669998,78.779999,77.75,78.010002,71.214577,2384400
2015-04-20,78.260002,79.660004,78.120003,79.300003,72.392204,2616000
2015-04-21,79.300003,79.639999,78.699997,79.5,72.574783,2458100
2015-04-22,79.919998,81.07,79.339996,80.919998,73.871094,2822400
2015-04-23,81.139999,81.720001,80.839996,81.230003,74.154091,2919000
2015-04-24,81.379997,81.839996,80.900002,81.589996,74.482735,2067000
2015-04-27,81.870003,81.93,81.010002,81.07,74.008011,2040000
2015-04-28,81.230003,81.989998,81.050003,81.610001,74.500977,2265000
2015-04-29,81.43,81.940002,80.889999,81,73.944122,2855600
2015-04-30,80.900002,81.169998,78.900002,79.309998,72.401329,4829400
2015-05-01,79.410004,81.660004,79.139999,81.610001,74.500977,3061900
2015-05-04,82,82.190002,80.739998,80.839996,73.798065,2833700
2015-05-05,81.099998,81.400002,80.349998,80.440002,73.432899,2279300
2015-05-06,80.550003,80.699997,79.610001,79.82,72.866913,3398700
2015-05-07,79.800003,80.120003,78.910004,79.940002,72.976463,4047600
2015-05-08,80.400002,81.82,79.440002,81.629997,74.519234,3008900
2015-05-11,81.980003,81.980003,80.260002,80.540001,73.524193,2406400
2015-05-12,80.279999,80.800003,79.650002,80.5,73.487679,2245800
2015-05-13,80.949997,81.18,80.110001,80.769997,73.734161,2343100
2015-05-14,80.410004,81.68,80.400002,81.629997,75.039505,2658400
2015-05-15,81.540001,81.540001,80.860001,81.050003,74.50634,2046500
2015-05-18,81.110001,81.559998,80.519997,81.330002,74.763733,2015000
2015-05-19,80.900002,81.099998,80.230003,80.699997,74.184578,2549200
2015-05-20,80.739998,81.220001,80.139999,80.519997,74.019135,2551000
2015-05-21,80.690002,81.379997,80.269997,81,74.460373,2289400
2015-05-22,80.620003,81.080002,80.510002,80.970001,74.4328,1735000
2015-05-26,80.169998,80.379997,78.870003,79.360001,72.952774,3202900
2015-05-27,79.82,80.379997,78.870003,79.190002,72.796524,3368500
2015-05-28,78.940002,79.669998,77.980003,79.559998,73.136635,3302200
2015-05-29,79.559998,80.540001,78.900002,79.120003,72.732155,3732700
2015-06-01,79.550003,80.25,79.199997,79.349998,72.943588,3007400
2015-06-02,79.379997,79.5,78.470001,79.099998,72.713776,3270700
2015-06-03,78.790001,78.860001,77.720001,78.300003,71.978363,3198400
2015-06-04,77.709999,78.07,77.18,77.379997,71.132637,2623000
2015-06-05,77.239998,78.610001,77.169998,78.050003,71.74855,1934400
2015-06-08,77.110001,77.760002,76.839996,77.18,70.948784,3344500
2015-06-09,77.339996,77.809998,76.730003,76.790001,70.590271,3383300
2015-06-10,77.410004,78.349998,77.18,77.800003,71.518745,3600200
2015-06-11,77.980003,79.290001,77.480003,78.669998,72.318481,3126400
2015-06-12,78.160004,78.339996,76.940002,77.650002,71.380844,2574600
2015-06-15,77.699997,78.089996,77.160004,78.080002,71.776123,2546600
2015-06-16,78,78.440002,77.269997,78.389999,72.061089,2511000
2015-06-17,79.150002,79.660004,77.919998,78.839996,72.474754,2799100
2015-06-18,78.910004,80.480003,78.800003,80.029999,73.568687,2508100
2015-06-19,79.580002,80.620003,79.580002,79.669998,73.237755,3030700
2015-06-22,80.019997,80.019997,78.940002,79.599998,73.173409,3153000
2015-06-23,79.800003,80.599998,79.559998,80.309998,73.826088,2453100
2015-06-24,79.699997,80.120003,78.959999,79.190002,72.796524,3106400
2015-06-25,79.190002,79.519997,78.800003,78.889999,72.520721,2347100
2015-06-26,78.800003,79.669998,78.559998,79.620003,73.191795,8753600
2015-06-29,78.75,79.410004,78.459999,78.489998,72.153015,4888300
2015-06-30,79.239998,81.360001,79.18,80.559998,74.055893,4716800
2015-07-01,80.639999,81.860001,80.519997,81.300003,74.736168,3779600
2015-07-02,81.470001,82.18,81,81.449997,74.874039,3388900
2015-07-06,80.389999,81.790001,79.75,81.540001,74.956779,3978700
2015-07-07,81.980003,82.629997,79.919998,82.349998,75.701378,4170700
2015-07-08,81.849998,81.860001,78.059998,78.5,72.162224,4513100
2015-07-09,79.599998,80,79.190002,79.449997,73.035522,3839200
2015-07-10,79.860001,81.839996,79.660004,81.489998,74.910805,3236100
2015-07-13,82.050003,84.239998,82.050003,83.419998,76.684982,4148900
2015-07-14,82.889999,84.389999,82.889999,83.519997,76.776917,4884500
2015-07-15,82.790001,83.349998,81.419998,81.769997,75.168198,3737700
2015-07-16,82.419998,83.440002,82.019997,83.209999,76.491951,3017300
2015-07-17,83.209999,83.300003,82.099998,83.239998,76.519516,2502100
2015-07-20,83.129997,83.25,82.239998,82.330002,75.683006,3095200
2015-07-21,82.300003,83,81.480003,81.980003,75.361252,2215000
2015-07-22,81.839996,82.860001,81.199997,81.830002,75.223373,3725600
2015-07-23,82.110001,82.480003,81.220001,81.389999,74.818893,2110100
2015-07-24,81.339996,81.559998,78.300003,79.029999,72.649422,5377100
2015-07-27,78,78.040001,75.440002,76.720001,70.525932,7687900
2015-07-28,76.800003,79.07,76.419998,78.650002,72.300102,4784200
2015-07-29,78.550003,80.18,78.440002,80.029999,73.568687,4380000
2015-07-30,79.489998,79.980003,78.379997,79.120003,72.732155,4040100
2015-07-31,78.470001,80.629997,77.910004,79.5,73.081474,3615800
2015-08-03,78.669998,80.220001,78.25,78.68,72.327698,4085500
2015-08-04,79.110001,79.440002,78.089996,78.260002,71.941597,3601300
2015-08-05,79.57,80.449997,78.190002,78.279999,71.959984,3102700
2015-08-06,78.449997,79.860001,77.940002,79.639999,73.210182,4605300
2015-08-07,79.269997,80.610001,78.970001,79.620003,73.191795,2969400
2015-08-10,80.07,82.529999,80,82.519997,75.857643,3876700
2015-08-11,81.07,83.809998,80.900002,83.699997,76.942375,3521000
2015-08-12,83.370003,84.849998,82.129997,84.32,77.512321,5037900
2015-08-13,83.199997,84.400002,82.489998,83.080002,76.883064,4177400
2015-08-14,82.699997,83.519997,81.82,82.300003,76.161247,3274500
2015-08-17,81.919998,83.129997,81.660004,83.059998,76.864555,2586100
2015-08-18,82.68,83.57,82.379997,83.25,77.040375,2516800
2015-08-19,82.699997,82.93,80.370003,80.800003,74.773117,4913600
2015-08-20,80.239998,81.779999,79.419998,79.529999,73.597855,3737800
2015-08-21,78.690002,79.080002,75.669998,75.739998,70.090538,7353200
2015-08-24,71.93,73.82,69.790001,71.660004,66.31488,7050100
2015-08-25,73.620003,74.120003,70.400002,70.550003,65.287674,4731500
2015-08-26,72.5,73.370003,70.559998,73.300003,67.832542,4573100
2015-08-27,75.029999,76.540001,73.169998,75.019997,69.42424,5814300
2015-08-28,75.139999,77.260002,75.099998,77.230003,71.469414,4889900
2015-08-31,79.5,80.139999,77.279999,79.07,73.172157,8462000
2015-09-01,78.129997,78.419998,76.809998,77.589996,71.802551,5302200
2015-09-02,79.139999,79.18,76.849998,78.559998,72.700211,3621900
2015-09-03,79.099998,80.059998,77.769997,78.459999,72.607658,3358300
2015-09-04,77.5,78.010002,76.709999,77.199997,71.441643,4266100
2015-09-08,78.209999,79.970001,77.010002,79.879997,73.921753,6212500
2015-09-09,80.059998,82.75,79.959999,80.650002,74.634315,6336700
2015-09-10,81.209999,82.07,80.110001,81.019997,74.976707,4424900
2015-09-11,80.830002,80.980003,79.720001,80.599998,74.588043,3950700
2015-09-14,80.529999,80.529999,78.050003,78.209999,72.376305,4261200
2015-09-15,78.400002,79.639999,77.730003,79.209999,73.30172,3944100
2015-09-16,79.400002,79.589996,78.25,79.190002,73.283226,4018400
2015-09-17,79.480003,80.760002,78.379997,79.309998,73.394249,4060300
2015-09-18,78.089996,79.559998,77.800003,78.589996,72.727959,12666300
2015-09-21,78.809998,80.5,78.480003,79.260002,73.347977,3399100
2015-09-22,78.120003,78.75,77.760002,78.169998,72.339302,2957200
2015-09-23,78.550003,79.529999,77.82,77.849998,72.043167,2485200
2015-09-24,77.610001,78.419998,76.510002,77.650002,71.858078,3727500
2015-09-25,78.18,78.800003,77.260002,77.940002,72.12645,3193100
2015-09-28,77.459999,78.07,73.93,74.110001,68.58213,4161900
2015-09-29,74.809998,75.989998,74.25,74.510002,68.952286,4335400
2015-09-30,76.209999,77.279999,75.449997,76.839996,71.10849,3880600
2015-10-01,77.629997,78.480003,76.519997,77.93,72.117188,3044000
2015-10-02,77.110001,79.480003,76.449997,79.480003,73.551582,2467100
2015-10-05,79.940002,82.290001,79.879997,81.82,75.717041,3449600
2015-10-06,81.709999,83.489998,81.620003,82.580002,76.420349,5355200
2015-10-07,82.93,83.790001,81.260002,83.239998,77.031113,4013700
2015-10-08,82.970001,84.870003,82.370003,84.580002,78.271179,3179500
2015-10-09,84.610001,84.790001,82.510002,83.519997,77.29023,3104300
2015-10-12,83.75,84,82.730003,83.870003,77.614128,1791100
2015-10-13,83,83.959999,82.010002,82.160004,76.03167,3322200
2015-10-14,82.160004,83.400002,81.669998,82.470001,76.31855,2172100
2015-10-15,83.029999,83.889999,81.860001,83.489998,77.262466,2289700
2015-10-16,84.029999,84.769997,83.440002,84.120003,77.84549,2679000
2015-10-19,83.419998,83.699997,81.480003,81.620003,75.531967,3054100
2015-10-20,81.32,81.830002,80.080002,81.599998,75.513466,2886200
2015-10-21,81.879997,81.900002,80.230003,80.5,74.495499,2347500
2015-10-22,81.330002,82.849998,80.730003,82.610001,76.448112,3323800
2015-10-23,82.610001,84.449997,82.410004,83.349998,77.132912,2522900
2015-10-26,83.309998,83.68,82.410004,83,76.809029,3124300
2015-10-27,82.339996,83.559998,82.059998,83.559998,77.327255,2595800
2015-10-28,83.690002,85.330002,83.339996,84.889999,78.558044,2672500
2015-10-29,84.519997,86.919998,84.519997,86.43,79.98317,3562300
2015-10-30,88.32,90.82,87.300003,89.050003,82.407753,7125400
2015-11-02,88.389999,91.5,88.300003,90.599998,83.842133,4939700
2015-11-03,90.720001,93.290001,90.18,92.669998,85.757729,3636600
2015-11-04,93,94.120003,92.5,93.330002,86.368515,3903400
2015-11-05,93.339996,93.949997,92.610001,93.68,86.692406,3115200
2015-11-06,93.209999,93.720001,92.040001,92.75,85.831772,2447100
2015-11-09,92.75,94,91.389999,92.010002,85.146957,2730500
2015-11-10,91.389999,92.940002,90.910004,92.099998,85.752151,2299200
2015-11-11,91.809998,92.720001,90.410004,90.589996,84.346237,2590000
2015-11-12,89.959999,89.959999,88.410004,89.239998,83.089287,2692300
2015-11-13,89.260002,89.959999,87.919998,89.080002,82.940331,3080000
2015-11-16,88.980003,91.099998,88.330002,91.07,84.793167,2743500
2015-11-17,90.769997,91.980003,90.489998,91.120003,84.839714,2306700
2015-11-18,91.279999,92.720001,91.260002,92.540001,86.161835,1857500
2015-11-19,92.360001,92.980003,91.629997,92.379997,86.012856,2367400
2015-11-20,92.550003,92.989998,91.519997,91.669998,85.351799,2758700
2015-11-23,90.489998,92.5,90.480003,92.169998,85.817345,2725700
2015-11-24,92.099998,93.910004,91.540001,93.129997,86.711182,2807400
2015-11-25,93.07,94.059998,92.760002,92.769997,86.375977,1949500
2015-11-27,92.290001,93.309998,92.110001,92.760002,86.366684,769900
2015-11-30,93.089996,93.459999,91.339996,91.529999,85.221443,4113100
2015-12-01,92.330002,92.949997,91.209999,92.669998,86.282867,2580500
2015-12-02,92.160004,93,90.080002,90.440002,84.206581,3024700
2015-12-03,91,91.279999,88.199997,88.57,82.465477,2834600
2015-12-04,90.349998,90.669998,88.699997,90.199997,83.983116,3025900
2015-12-07,88.620003,89.459999,85.720001,86.690002,80.71505,5261600
2015-12-08,85.57,87.43,85.110001,86.449997,80.491585,3427300
2015-12-09,86.510002,87.849998,85.199997,86.089996,80.156387,2916800
2015-12-10,86.480003,87.550003,85.68,86.75,80.770905,2684500
2015-12-11,85.459999,85.910004,82.519997,82.779999,77.074516,4232800
2015-12-14,82.32,82.830002,80.279999,81.400002,75.78965,5091700
2015-12-15,82.419998,83.300003,81.419998,81.779999,76.143456,5233100
2015-12-16,81.550003,83.400002,81.550003,83.059998,77.335228,3981600
2015-12-17,83,83.339996,81.760002,81.779999,76.143456,3147700
2015-12-18,81.5,81.779999,79.68,80.559998,75.007545,6246600
2015-12-21,81.019997,81.269997,79.470001,80.620003,75.063416,2809400
2015-12-22,80.919998,82.279999,80.669998,81.699997,76.068954,2587700
2015-12-23,82.709999,84.849998,82.139999,84.800003,78.955307,3113800
2015-12-24,84.529999,84.980003,83.809998,84.360001,78.545631,1054200
2015-12-28,83.18,83.559998,81.910004,82.459999,76.776581,1665100
2015-12-29,83.720001,83.870003,82.580002,82.769997,77.065216,1906100
2015-12-30,82.309998,83.410004,81.870003,82.010002,76.357597,1527700
2015-12-31,81.5,82.410004,81.209999,81.800003,76.162086,2095800
2016-01-04,81.209999,81.889999,79.360001,80.080002,74.560623,3251400
2016-01-05,80.370003,81.190002,80.050003,81,75.417221,2849900
2016-01-06,79.120003,80,77.599998,78.029999,72.651909,4273300
2016-01-07,76.669998,78.110001,75.949997,76.449997,71.180809,6358000
2016-01-08,76.919998,77.18,75.150002,75.209999,70.026276,6010000
2016-01-11,75.860001,77.510002,74.370003,76.18,70.929428,4353500
2016-01-12,76.709999,78.379997,76,77.82,72.45639,5370100
2016-01-13,78.910004,78.93,74.540001,75.25,70.063522,6500200
2016-01-14,75.93,80.080002,74.32,79.279999,73.815773,5363500
2016-01-15,76.919998,78.599998,76.610001,78.470001,73.061592,5343200
2016-01-19,80.379997,80.639999,77.480003,78.669998,73.247803,4574300
2016-01-20,76.900002,78.209999,75.370003,76.93,71.627731,5169900
2016-01-21,76.709999,77.230003,75.290001,76.040001,70.799072,4360700
2016-01-22,78.449997,80.900002,77.599998,80.029999,74.514069,4035600
2016-01-25,79.07,79.739998,76.169998,76.230003,70.975975,4273700
2016-01-26,76.910004,77.800003,76.190002,77.760002,72.400528,3177200
2016-01-27,77.139999,79.769997,76.419998,77.730003,72.372589,4782100
2016-01-28,79.239998,80,77,78.699997,73.275742,5161000
2016-01-29,78.099998,80.230003,75.800003,80.150002,74.625793,7448400
2016-02-01,79.68,80.660004,77.82,79.480003,74.001984,4487700
2016-02-02,78.580002,79.440002,77.800003,78.5,73.089531,4295400
2016-02-03,79.510002,79.940002,76.760002,79.099998,73.648163,7337500
2016-02-04,79.089996,80.919998,78.599998,79.879997,74.374413,5606500
2016-02-05,79.629997,80.480003,77.919998,78.330002,72.931236,4650400
2016-02-08,78.330002,78.330002,73.300003,76.279999,71.02253,7979800
2016-02-09,75.769997,76.620003,74.669998,75.440002,70.240433,4237100
2016-02-10,76.019997,77.099998,74.669998,75.290001,70.100761,5693400
2016-02-11,73.529999,75.040001,71.739998,72.900002,68.384125,7720800
2016-02-12,74,75.32,73.839996,75.199997,70.541641,4217700
2016-02-16,76.760002,78.279999,75.860001,78.25,73.40271,5690300
2016-02-17,79.089996,80.889999,78.879997,80.589996,75.597748,4464600
2016-02-18,81.339996,81.75,78.889999,79.440002,74.51899,4609000
2016-02-19,78.75,80.18,78.389999,80.089996,75.128731,3173500
2016-02-22,80.089996,81.419998,80.089996,80.870003,75.860405,3278100
2016-02-23,80.400002,80.610001,78.529999,78.559998,73.693504,3323400
2016-02-24,77.519997,79.150002,77.349998,79.089996,74.190666,3667200
2016-02-25,79.25,79.330002,77.620003,78.760002,73.881119,3293200
2016-02-26,79.519997,80.190002,78.919998,79.099998,74.200058,2490100
2016-02-29,79.400002,80.379997,78.93,79.389999,74.472092,3106400
2016-03-01,80.010002,83.790001,79.699997,83.410004,78.243073,6029000
2016-03-02,83.150002,84.639999,82.839996,84.57,79.331223,3585500
2016-03-03,84.940002,86.580002,84.550003,86.089996,80.757057,3787900
2016-03-04,86.5,86.599998,84.839996,85.779999,80.466255,2891100
2016-03-07,85.379997,87.830002,85.07,87.410004,81.995293,3741800
2016-03-08,86.889999,87.75,84.75,84.800003,79.546967,3514400
2016-03-09,85.519997,87.230003,85.199997,86.089996,80.757057,3076700
2016-03-10,86.07,86.07,84.120003,85.43,80.137939,2383100
2016-03-11,86.25,86.730003,85.110001,86.43,81.075989,2914700
2016-03-14,85.669998,86.5,85.290001,86.18,80.841476,2028600
2016-03-15,85,86.669998,84.900002,86.599998,81.235466,2208900
2016-03-16,86.629997,87.900002,86.370003,87.57,82.14537,2351800
2016-03-17,88.010002,88.660004,86.440002,88.379997,82.90519,2463500
2016-03-18,88.800003,89.650002,88.129997,89.410004,83.871399,5398200
2016-03-21,89.150002,89.959999,89.110001,89.690002,84.134048,2170200
2016-03-22,89.620003,90.870003,89.029999,90.160004,84.574936,2171400
2016-03-23,89.940002,89.940002,87.879997,88.120003,82.661308,2012500
2016-03-24,86.970001,88.120003,86.57,88.059998,82.605011,2547300
2016-03-28,87.870003,88.129997,87.07,87.489998,82.070335,2083500
2016-03-29,86.800003,87.730003,86.019997,87.43,82.014053,1939300
2016-03-30,88.190002,88.610001,86.980003,87.620003,82.192276,1850900
2016-03-31,87.269997,87.809998,86.209999,86.589996,81.226074,2810600
2016-04-01,85.599998,85.959999,84.879997,85.669998,80.363075,2639100
2016-04-04,85.699997,86.660004,85.290001,85.730003,80.41935,1817400
2016-04-05,85.080002,85.690002,84.209999,84.809998,79.556343,2126100
2016-04-06,85.349998,85.620003,83.260002,85.019997,79.753342,3121300
2016-04-07,84.599998,85.019997,83.830002,84.510002,79.274925,1751800
2016-04-08,85.800003,86.809998,85.269997,86.059998,80.728905,2741300
2016-04-11,86.5,86.849998,84.559998,84.580002,79.340599,2158100
2016-04-12,84.669998,86.089996,84.059998,85.980003,80.653877,2578500
2016-04-13,86.480003,87.099998,85.800003,87.010002,81.620064,2089200
2016-04-14,87.110001,87.629997,86.57,86.919998,81.535645,1728600
2016-04-15,86.660004,86.660004,84.849998,84.849998,79.593864,2723400
2016-04-18,84.849998,85.730003,83.910004,85.650002,80.344315,2444200
2016-04-19,85.720001,86.5,85.290001,86.419998,81.06662,1935800
2016-04-20,85.910004,87.209999,84.809998,86.690002,81.319885,2344300
2016-04-21,86.839996,87.650002,86.080002,87.400002,81.985909,2270700
2016-04-22,87.639999,88.459999,87.379997,87.980003,82.529984,2038900
2016-04-25,87.900002,88.239998,86.889999,87.93,82.483078,1730700
2016-04-26,88.449997,88.849998,87.82,88.400002,82.923965,1654800
2016-04-27,88.849998,89.309998,88.010002,88.949997,83.439888,2451700
2016-04-28,88.360001,89.059998,87.339996,87.790001,82.351738,3039000
2016-04-29,85.209999,86.029999,81.150002,82.110001,77.023605,7296800
2016-05-02,82.440002,82.5,79.980003,82.199997,77.108017,4486800
2016-05-03,80.699997,80.980003,79.449997,80.010002,75.053688,4397100
2016-05-04,79.900002,80.389999,78.489998,79.32,74.406425,2972400
2016-05-05,80.019997,80.82,78.440002,79.080002,74.181305,2830500
2016-05-06,78.709999,80.18,78.269997,78.519997,73.655983,3802800
2016-05-09,78.5,78.529999,76.879997,78.32,73.468361,3064600
2016-05-10,78.760002,79.690002,78.660004,79.25,74.340767,2217400
2016-05-11,79.160004,80.360001,78.620003,79.389999,74.472092,2652200
2016-05-12,80,80.099998,77.839996,78.25,73.40271,2603500
2016-05-13,78.25,79.139999,77.910004,78.339996,73.487129,3029400
2016-05-16,78.220001,78.800003,77.199997,78.68,74.404427,3107000
2016-05-17,78.559998,79.300003,78.040001,78.309998,74.05452,2235800
2016-05-18,78.290001,79.480003,77.720001,78.129997,73.884315,2508400
2016-05-19,77.550003,77.959999,76.68,77.650002,73.430397,2240900
2016-05-20,78.150002,78.459999,77.489998,77.900002,73.666824,2352300
2016-05-23,77.510002,78.629997,77.400002,77.82,73.591164,2483600
2016-05-24,78.599998,80,78.489998,79.699997,75.368996,3454500
2016-05-25,80.089996,80.470001,79.470001,80.129997,75.77562,2917400
2016-05-26,80.419998,80.599998,79.120003,80.040001,75.690529,3215900
2016-05-27,80.050003,80.800003,79.75,80.629997,76.248466,2319000
2016-05-31,80.900002,81.080002,79.860001,80.360001,75.993134,5908500
2016-06-01,79.900002,80.959999,79.389999,80.849998,76.456497,3022500
2016-06-02,80.57,81.43,80.519997,80.830002,76.437584,2197200
2016-06-03,80.610001,80.889999,79.389999,80.129997,75.77562,2985100
2016-06-06,80.610001,80.769997,80.080002,80.760002,76.371391,2185000
2016-06-07,80.870003,81.580002,80.540001,81.32,76.900963,2708400
2016-06-08,81.580002,82.419998,81.010002,82.370003,77.893913,3595800
2016-06-09,81.650002,81.889999,80.879997,81.129997,76.721275,3298200
2016-06-10,80.25,80.660004,79.629997,80.07,75.718895,2341400
2016-06-13,79.730003,79.940002,78.669998,78.800003,74.517906,3347700
2016-06-14,78.629997,79.339996,77.629997,78.900002,74.61248,2638700
2016-06-15,78.629997,79.970001,78.110001,79.139999,74.839424,2321700
2016-06-16,78.470001,79.57,78.099998,79.43,75.113663,1867400
2016-06-17,79.339996,79.459999,78.279999,78.5,74.2342,4086500
2016-06-20,79.529999,80.239998,78.959999,79.059998,74.763763,2748300
2016-06-21,79.300003,79.580002,78.230003,79.349998,75.038017,2331100
2016-06-22,79.370003,80.300003,79.150002,79.540001,75.21769,1842100
2016-06-23,80.019997,80.870003,79.599998,80.870003,76.47541,2097300
2016-06-24,78.290001,79.739998,78.290001,78.620003,74.347687,6031800
2016-06-27,78.190002,78.519997,76.400002,76.900002,72.721146,3474000
2016-06-28,78,78.790001,77.07,78.75,74.470627,2479000
2016-06-29,79.209999,80.010002,79.080002,79.699997,75.368996,2348700
2016-06-30,79.400002,79.489998,77.709999,79.339996,75.028557,3505600
2016-07-01,79.07,79.910004,78.959999,79.779999,75.444656,2661000
2016-07-05,78.970001,79.32,77.400002,77.93,73.695183,3063900
2016-07-06,77.260002,77.330002,74.839996,76.370003,72.219955,5344900
2016-07-07,76.589996,77.099998,73.669998,74.269997,70.234077,6029600
2016-07-08,74.540001,75.470001,74.059998,74.849998,70.782555,4058200
2016-07-11,74.849998,75.580002,74.760002,75.209999,71.122978,2704900
2016-07-12,75.989998,77.190002,75.720001,76.400002,72.248322,3309200
2016-07-13,76.080002,76.510002,74.82,76.25,72.106483,3586500
2016-07-14,76.360001,76.809998,76.059998,76.610001,72.446907,2901000
2016-07-15,76.910004,76.910004,75.5,75.660004,71.548546,2977600
2016-07-18,75.769997,76.07,75,75.650002,71.539078,2418400
2016-07-19,75.730003,75.940002,75.32,75.739998,71.624191,2018000
2016-07-20,75.739998,76.019997,75,75.339996,71.245926,2144500
2016-07-21,75.550003,76.169998,74.949997,75.120003,71.037888,2631000
2016-07-22,75.120003,75.400002,74.610001,75.389999,71.293198,1688300
2016-07-25,75.029999,75.120003,73.970001,74.470001,70.423203,3318200
2016-07-26,74.470001,76.300003,74.370003,76.230003,72.087563,2901700
2016-07-27,76.43,76.870003,75.269997,75.400002,71.302666,3099700
2016-07-28,75.690002,76.379997,75.089996,76.25,72.106483,4051900
2016-07-29,75.379997,76.160004,73.82,76.059998,71.926796,5548800
2016-08-01,75.300003,75.629997,74.019997,74.260002,70.224625,3399600
2016-08-02,74.529999,76.330002,74.510002,76.150002,72.011909,4528300
2016-08-03,76.599998,78.739998,76.300003,78.660004,74.385513,4582400
2016-08-04,78.370003,78.830002,77.309998,77.540001,73.32637,2684500
2016-08-05,77.709999,78.610001,77.5,78.279999,74.026161,1619100
2016-08-08,78.889999,79.519997,78.480003,78.580002,74.30986,2327900
2016-08-09,78.760002,78.790001,76.580002,76.720001,72.550934,3052700
2016-08-10,76.889999,77.860001,76.5,76.949997,72.768433,2228200
2016-08-11,77.419998,78.470001,77,78.160004,73.912697,1955200
2016-08-12,78.389999,78.900002,78,78.809998,74.527359,2454500
2016-08-15,79.150002,79.25,78.220001,78.589996,74.319313,2808000
2016-08-16,78.120003,78.25,77.709999,77.980003,74.338379,1624800
2016-08-17,78.059998,78.209999,77.260002,77.709999,74.081001,2642600
2016-08-18,77.980003,78.18,77.18,77.949997,74.309776,3632100
2016-08-19,77.629997,78.690002,77.510002,78.050003,74.405113,2400300
2016-08-22,77.519997,77.660004,76.800003,76.970001,73.375557,2252000
2016-08-23,77.169998,78.190002,76.959999,77.82,74.18586,1724100
2016-08-24,77.800003,78.230003,77.199997,77.68,74.052383,1655700
2016-08-25,77.889999,79.449997,77.830002,79.07,75.377487,3666000
2016-08-26,79.099998,79.699997,78.169998,78.620003,74.948494,2061300
2016-08-29,78.860001,79.300003,78.650002,78.879997,75.196342,1771000
2016-08-30,78.879997,79.790001,78.879997,79.330002,75.625343,1980800
2016-08-31,79.150002,79.370003,78.110001,78.449997,74.78643,2648800
2016-09-01,78.93,78.93,77.660004,78.290001,74.633904,2165400
2016-09-02,78.970001,79.029999,78.480003,78.870003,75.186813,1561100
2016-09-06,79.279999,79.339996,78.760002,79.110001,75.415604,2729900
2016-09-07,79.239998,79.989998,79.150002,79.589996,75.873199,3312500
2016-09-08,79.800003,80.459999,79.470001,80.080002,76.340309,1974300
2016-09-09,79.389999,79.410004,77.860001,77.860001,74.223991,2834200
2016-09-12,77.489998,79.209999,77.169998,78.839996,75.158218,2224700
2016-09-13,78,78.050003,77.120003,77.25,73.642471,4007800
2016-09-14,77.139999,78.230003,76.760002,76.970001,73.375557,3115100
2016-09-15,77.43,79.529999,77.099998,79.099998,75.406075,2875300
2016-09-16,78.32,79.290001,78.230003,79.089996,75.39653,7599600
2016-09-19,79.760002,80.879997,79.18,80.349998,76.597702,3199600
2016-09-20,80.349998,80.470001,79.580002,79.580002,75.86367,2218400
2016-09-21,79.82,80.190002,79.370003,80.07,76.33078,2133400
2016-09-22,80.5,81.080002,80.010002,80.029999,76.292648,1728500
2016-09-23,79.690002,79.949997,79.059998,79.580002,75.86367,2065100
2016-09-26,79.779999,80.269997,79.389999,79.470001,75.758804,2351000
2016-09-27,79.019997,79.82,78.919998,79.410004,75.701607,2274600
2016-09-28,79.730003,81.309998,79.300003,81.190002,77.398483,2954500
2016-09-29,81.050003,81.190002,78.860001,79.279999,75.577667,4121800
2016-09-30,79.919998,80.959999,79.550003,80.550003,76.788368,2819900
2016-10-03,80.419998,80.769997,79.809998,80.410004,76.654907,1702800
2016-10-04,80.339996,81.269997,79.739998,79.82,76.092461,1985400
2016-10-05,80.589996,81.410004,80.360001,81.089996,77.303139,2358100
2016-10-06,81.18,81.5,80.040001,80.769997,76.998093,1828800
2016-10-07,81,81.07,80,80.389999,76.635834,1614700
2016-10-10,80.860001,81.440002,80.800003,81.300003,77.503349,1329200
2016-10-11,81.239998,81.339996,80.18,80.559998,76.797897,1581600
2016-10-12,80.559998,80.559998,79.510002,79.809998,76.082924,1664600
2016-10-13,79.18,79.459999,78.059998,79.150002,75.453751,2185300
2016-10-14,79.739998,80.120003,79.209999,79.309998,75.606262,1420800
2016-10-17,79.309998,79.720001,78.75,79.139999,75.444206,2397000
2016-10-18,79.730003,79.989998,79.300003,79.589996,75.873199,1334900
2016-10-19,79.910004,80.110001,79.449997,79.669998,75.949463,1737400
2016-10-20,79.400002,79.919998,78.910004,79.739998,76.016182,1407300
2016-10-21,79.209999,80.43,78.800003,80.349998,76.597702,2070800
2016-10-24,80.529999,81.029999,79.870003,80.589996,76.826485,1490300
2016-10-25,80.290001,81.080002,79.940002,80.760002,76.988556,2263300
2016-10-26,80.279999,81.510002,80.110001,81.059998,77.274544,2064900
2016-10-27,81.120003,81.260002,79.860001,79.989998,76.254517,2434400
2016-10-28,79.230003,81.760002,79,80.129997,76.38797,2977400
2016-10-31,80.199997,81.989998,80.019997,81.150002,77.360344,2819800
2016-11-01,82.349998,83.209999,79.470001,80.25,76.502365,4350600
2016-11-02,79.5,79.809998,78.010002,78.339996,74.681564,2958400
2016-11-03,78.589996,79.800003,77.660004,79.080002,75.387016,2530700
2016-11-04,78.879997,79.550003,78.260002,78.599998,74.929428,1568500
2016-11-07,79.620003,80.230003,79.519997,79.93,76.197319,2051400
2016-11-08,79.720001,80.730003,79.610001,79.889999,76.159195,1617300
2016-11-09,79.290001,83.160004,78.93,82.449997,78.599632,4490400
2016-11-10,82.339996,83.760002,82.190002,83.089996,79.20974,3188500
2016-11-11,82.900002,83.089996,81.870003,82.220001,78.380379,2185500
2016-11-14,82.220001,83.5,82.029999,83.360001,79.467148,2594900
2016-11-15,83.360001,83.779999,82.5,83.699997,80.398888,2991100
2016-11-16,83.650002,83.82,82.779999,83,79.726486,1600100
2016-11-17,83.720001,84.610001,83.300003,83.830002,80.52375,2294800
2016-11-18,83.889999,84.18,83.529999,83.639999,80.341248,2220300
2016-11-21,84.480003,84.93,83.970001,84.860001,81.51313,2118400
2016-11-22,84.959999,85.629997,84.169998,84.879997,81.532349,2853900
2016-11-23,84.839996,85.599998,84.480003,85.059998,81.705238,2681300
2016-11-25,84.82,84.919998,84.510002,84.889999,81.541946,972200
2016-11-28,84.800003,85.029999,84.019997,84.089996,80.773506,3389300
2016-11-29,83.360001,83.5,82.300003,82.389999,79.140549,2150500
2016-11-30,83.099998,83.809998,82.330002,83.080002,79.803329,4999400
2016-12-01,83.919998,85.800003,83.599998,84.980003,81.628395,3535500
2016-12-02,84.75,85.699997,84.699997,84.879997,81.532349,2104400
2016-12-05,85.379997,85.889999,84.889999,85.440002,82.070259,2811300
2016-12-06,85.129997,85.43,84.559998,84.910004,81.561165,2564200
2016-12-07,85.080002,87.099998,84.940002,87.010002,83.578339,2687000
2016-12-08,87.059998,87.970001,86.919998,87.629997,84.173889,2240700
2016-12-09,87.690002,87.690002,86.860001,87.160004,83.72242,1513000
2016-12-12,88,88.480003,86.730003,87.300003,83.856895,1844200
2016-12-13,87.739998,88.870003,87.330002,88.169998,84.692589,1976900
2016-12-14,87.650002,88.059998,86.349998,86.419998,83.011604,2667500
2016-12-15,86.120003,87.089996,85.93,86.57,83.155693,2133800
2016-12-16,86.800003,87.559998,86.540001,87.459999,84.010582,2191000
2016-12-19,87.190002,87.440002,86.849998,87.169998,83.732025,1516800
2016-12-20,87.379997,87.489998,86.669998,86.940002,83.511101,1483700
2016-12-21,87.110001,87.230003,86.559998,86.779999,83.357399,1512600
2016-12-22,86.699997,87.93,86.440002,87.559998,84.106644,1456700
2016-12-23,87.279999,87.900002,87.279999,87.720001,84.260345,948800
2016-12-27,87.870003,88.139999,87.610001,87.739998,84.279549,926600
2016-12-28,87.730003,87.959999,87.029999,87.120003,83.684006,1359800
2016-12-29,87.010002,87.489998,86.360001,86.650002,83.232536,1021400
2016-12-30,86.650002,87.050003,86.010002,86.410004,83.002007,1374800
2017-01-03,87.309998,87.919998,86.650002,86.790001,83.36702,2257900
2017-01-04,87.169998,88.260002,87.080002,87.260002,83.818481,2306900
2017-01-05,87.260002,88.120003,86.660004,86.739998,83.31897,2056300
2017-01-06,86.779999,86.970001,85.279999,85.400002,82.031837,1989400
2017-01-09,84.910004,84.910004,83.75,84.019997,80.706261,2576300
2017-01-10,84,85.18,83.589996,83.760002,80.456512,3697700
2017-01-11,83.910004,85.599998,83.800003,84.889999,81.541946,3543500
2017-01-12,85.089996,85.120003,83.510002,84.339996,81.013641,2169400
2017-01-13,84.059998,84.160004,83.07,83.290001,80.005043,2242900
2017-01-17,83.209999,84.650002,83.080002,83.559998,80.264404,2377800
2017-01-18,83.519997,84.510002,83.5,84.129997,80.81192,1967400
2017-01-19,83.949997,84.080002,82.68,82.989998,79.716881,1929600
2017-01-20,83.489998,84.029999,82.580002,83.040001,79.764908,2068200
2017-01-23,83.279999,83.370003,82.019997,82.199997,78.958038,2033700
2017-01-24,82.639999,84.459999,82.550003,84.190002,80.869553,2398500
2017-01-25,84.709999,85.290001,84.470001,85,81.647606,1707900
2017-01-26,85.18,85.339996,84.029999,84.239998,80.91758,1618200
2017-01-27,84.010002,84.349998,82.5,82.769997,79.505562,2099300
2017-01-30,82.5,82.75,81.690002,82.330002,79.082924,2375000
2017-01-31,82,82.370003,81.150002,81.620003,78.400925,2740200
2017-02-01,82.110001,82.32,80.360001,80.75,77.565231,3030200
2017-02-02,80.93,81.260002,80.230003,81.050003,77.853401,3386800
2017-02-03,80.5,81.199997,78.82,79.949997,76.796776,3672500
2017-02-06,80,80.190002,79,79.139999,76.01873,3016700
2017-02-07,79.099998,79.139999,77.809998,78.550003,75.452003,3255400
2017-02-08,78.25,79.019997,77.809998,78.860001,75.749771,3042800
2017-02-09,78.860001,79.629997,78.860001,79.25,76.124397,2596900
2017-02-10,79.419998,79.980003,79.379997,79.860001,76.710335,2030700
2017-02-13,79.860001,80.120003,79.57,79.900002,76.748756,2111900
2017-02-14,79.980003,80.099998,79.150002,79.980003,76.8256,2543900
2017-02-15,79.730003,80.389999,79.660004,80.080002,76.921654,2272800
2017-02-16,79.599998,79.690002,78.400002,78.5,76.001892,2939200
2017-02-17,78.489998,79.239998,78.349998,78.660004,76.156799,2219200
2017-02-21,79.080002,79.389999,78.760002,79.029999,76.515022,2833700
2017-02-22,79,79,78.220001,78.379997,75.885712,2017500
2017-02-23,79,79.349998,78.360001,78.610001,76.108391,1864600
2017-02-24,78.389999,78.489998,77.690002,78.029999,75.546837,2225500
2017-02-27,78.199997,79.190002,78,78.860001,76.350433,2648400
2017-02-28,78.779999,79.139999,78.110001,78.190002,75.701759,3243100
2017-03-01,78.910004,80.029999,78.879997,79.370003,76.844208,3204500
2017-03-02,79.279999,79.349998,78.160004,78.330002,75.837296,2550400
2017-03-03,78.5,79.029999,78.18,78.339996,75.846977,1737700
2017-03-06,78.160004,78.889999,78.010002,78.720001,76.21489,1848200
2017-03-07,78.610001,78.809998,77.389999,77.480003,75.014351,2679200
2017-03-08,77.610001,78.309998,77.129997,77.25,74.791672,2817600
2017-03-09,77.019997,77.400002,76.279999,76.839996,74.394714,2684500
2017-03-10,77.18,78.980003,76.589996,78.860001,76.350433,5038100
2017-03-13,78.910004,79.489998,78.709999,79.010002,76.495659,2178700
2017-03-14,78.5,78.769997,78.160004,78.510002,76.011566,2343400
2017-03-15,78.940002,80.279999,78.940002,80.150002,77.59938,2411800
2017-03-16,80.059998,80.099998,79.419998,79.690002,77.154015,2474600
2017-03-17,79.860001,80.089996,79.629997,79.940002,77.396065,2799600
2017-03-20,79.879997,79.989998,79.099998,79.410004,76.882927,2285400
2017-03-21,79.489998,79.779999,78.260002,78.599998,76.098701,4631300
2017-03-22,78.300003,78.940002,77.839996,78.830002,76.321388,3026800
2017-03-23,78.57,79.190002,78.43,78.480003,75.982521,2211800
2017-03-24,78.419998,78.669998,77.120003,77.269997,74.811028,2359700
2017-03-27,76.970001,77.790001,76.660004,77.25,74.791672,2089300
2017-03-28,77.410004,78.110001,77.080002,77.919998,75.440346,2388500
2017-03-29,77.809998,78.5,77.540001,78.32,75.827614,2282000
2017-03-30,78.379997,78.849998,77.940002,78.589996,76.089012,3241500
2017-03-31,78.489998,79.43,78.410004,79.220001,76.698982,2744100
2017-04-03,79.089996,79.220001,78,78.290001,75.798569,1711600
2017-04-04,78.5,78.550003,77.669998,78.43,75.93412,1368100
2017-04-05,78.739998,79.480003,77.529999,77.57,75.101486,2867200
2017-04-06,77.589996,77.650002,76.650002,76.879997,74.433434,3322400
2017-04-07,76.959999,77.660004,76.529999,77.150002,74.694847,2484300
2017-04-10,77.510002,78.650002,77.5,78.050003,75.566208,2503900
2017-04-11,77.809998,77.970001,77.150002,77.879997,75.401619,2042900
2017-04-12,78.129997,78.260002,77.260002,77.379997,74.917526,2006100
2017-04-13,77.260002,77.690002,76.459999,76.669998,74.230125,2606600
2017-04-17,76.660004,77.010002,76.57,77.010002,74.559311,1548800
2017-04-18,76.650002,76.989998,75.639999,75.93,73.513672,2326300
2017-04-19,75.940002,76.150002,75.139999,75.330002,72.93277,2511300
2017-04-20,75.5,76.370003,75.330002,75.75,73.339394,1682300
2017-04-21,75.599998,76.589996,75.599998,76.349998,73.920303,2561100
2017-04-24,77.120003,77.589996,76.739998,77.510002,75.043396,2483300
2017-04-25,77.599998,78.18,77.25,78.080002,75.595261,2632800
2017-04-26,77.93,78.889999,77.660004,78.110001,75.624298,2977500
2017-04-27,78.010002,78.129997,76.93,78.050003,75.566208,3001200
2017-04-28,79.599998,80.940002,79.07,79.559998,77.028152,5252400
2017-05-01,79.519997,80.349998,79.32,79.559998,77.028152,2632700
2017-05-02,79.93,80.07,79.059998,79.260002,76.737709,2202900
2017-05-03,78.910004,79.75,78.739998,79.589996,77.057198,1946200
2017-05-04,79.300003,79.300003,78,78.239998,75.75016,2163800
2017-05-05,78.330002,79.43,78.32,79.349998,76.824837,1764000
2017-05-08,79.07,79.730003,78.790001,79.639999,77.105614,1867800
2017-05-09,79.540001,80.110001,79.379997,79.599998,77.066879,1455800
2017-05-10,79.769997,80.040001,79.459999,79.75,77.212105,1690500
2017-05-11,79.900002,80.019997,79.209999,79.519997,76.989426,1440400
2017-05-12,79.470001,79.980003,79.300003,79.790001,77.250847,1439900
2017-05-15,80.290001,80.68,79.830002,80.120003,77.570335,1725800
2017-05-16,79.440002,79.470001,78.220001,78.540001,76.710831,2011800
2017-05-17,78.540001,78.779999,77.629997,77.669998,75.861084,2208700
2017-05-18,77.379997,77.940002,76.809998,77.550003,75.743896,2534400
2017-05-19,77.660004,78.529999,77.349998,78.25,76.427589,2293200
2017-05-22,78.309998,78.790001,78.209999,78.550003,76.720596,1386600
2017-05-23,78.75,78.790001,78.089996,78.139999,76.320145,2977000
2017-05-24,78.110001,78.610001,77.910004,78.279999,76.456879,1424900
2017-05-25,78.510002,78.879997,77.220001,77.419998,75.616913,2765100
2017-05-26,77.629997,77.910004,77.150002,77.440002,75.636452,2300400
2017-05-30,77.279999,77.68,76.82,77,75.206696,1920200
2017-05-31,76.900002,77.230003,76,76.110001,74.337425,3842300
2017-06-01,76.379997,76.709999,75.900002,76.620003,74.835548,2503800
2017-06-02,76.169998,76.809998,75.849998,76.370003,74.59137,2150900
2017-06-05,76.190002,77.230003,76.190002,76.860001,75.069962,2251900
2017-06-06,76.690002,77.099998,76.32,77.040001,75.245766,1707200
2017-06-07,76.639999,77.160004,76.349998,76.959999,75.167633,2556000
2017-06-08,76.959999,77.940002,76.800003,77.400002,75.597382,2427900
2017-06-09,77.360001,79.699997,77.300003,79.57,77.716843,2832800
2017-06-12,79.57,80.480003,79.57,80.209999,78.341934,2971200
2017-06-13,80.290001,80.730003,79.900002,80.629997,78.752151,1843100
2017-06-14,80.589996,80.639999,78.75,78.779999,76.945244,2810800
2017-06-15,78.610001,79.379997,78.529999,79.080002,77.238258,2157300
2017-06-16,79.43,80.980003,79.209999,80.940002,79.054939,4870900
2017-06-19,80.989998,81.519997,80.849998,81.239998,79.347946,2757400
2017-06-20,80.300003,80.599998,78.910004,79.550003,77.697319,2299700
2017-06-21,79.550003,79.769997,78.629997,78.889999,77.052673,2073900
2017-06-22,79.019997,79.410004,78.629997,78.910004,77.072212,1016100
2017-06-23,78.82,80.370003,78.800003,80.269997,78.400528,2696600
2017-06-26,80.279999,80.650002,80.059998,80.239998,78.371239,1512900
2017-06-27,80.389999,81.300003,80.239998,80.540001,78.664253,1653900
2017-06-28,81,82.129997,80.989998,81.790001,79.885147,2317500
2017-06-29,82.099998,82.82,81.790001,81.870003,79.96328,2514000
2017-06-30,82.32,83.110001,81.919998,82.690002,80.764183,2458700
2017-07-03,82.970001,83.870003,82.919998,83.339996,81.39904,1076900
2017-07-05,83.25,83.25,82.150002,82.330002,80.412567,1974200
2017-07-06,82.400002,82.599998,81.690002,81.889999,79.982811,1590800
2017-07-07,81.919998,82.82,81.550003,82.599998,80.676277,1710800
2017-07-10,82.480003,82.870003,82.330002,82.459999,80.539536,1498700
2017-07-11,82.279999,82.75,81.910004,82.360001,80.441872,1365400
2017-07-12,82.830002,83.099998,81.910004,82.239998,80.324654,1606000
2017-07-13,81.940002,82.25,81.110001,81.720001,79.816765,2318400
2017-07-14,81.860001,82.349998,81.650002,82.199997,80.285591,1435800
2017-07-17,81.919998,82.220001,81.639999,81.809998,79.904671,1843700
2017-07-18,82.089996,82.129997,81.510002,81.959999,80.051178,1339100
2017-07-19,81.949997,82.940002,81.860001,82.919998,80.988815,1666200
2017-07-20,82.970001,83.120003,81.989998,82.360001,80.441872,1167700
2017-07-21,82.309998,83.330002,81.980003,82.849998,80.920456,2190600
2017-07-24,82.690002,83.019997,82.519997,82.650002,80.725113,1417900
2017-07-25,83.209999,84.68,83.209999,84.449997,82.483185,2335600
2017-07-26,84.690002,84.720001,83.620003,83.699997,81.750664,1753700
2017-07-27,83.529999,84.93,83.339996,84.510002,82.541786,2188400
2017-07-28,84.239998,84.650002,83.489998,83.650002,81.70182,2169400
2017-07-31,83.879997,84.389999,83.75,83.75,81.799492,3641500
2017-08-01,84.040001,85.809998,84,85.629997,83.635704,2696700
2017-08-02,85.449997,87.300003,85.379997,86.669998,84.651489,2952400
2017-08-03,86.769997,87.120003,85.589996,85.650002,83.655235,2430100
2017-08-04,85.690002,86.190002,85.580002,85.599998,83.6064,2087500
2017-08-07,85.529999,85.589996,84.879997,85.07,83.088745,2187200
2017-08-08,84.839996,85.309998,84.529999,85.019997,83.039909,1848000
2017-08-09,85,85.559998,84.32,84.489998,82.522255,2297100
2017-08-10,84.419998,84.75,83.480003,83.639999,81.692047,1850500
2017-08-11,83.089996,83.800003,82.959999,83.440002,81.496719,1858200
2017-08-14,83.599998,84.300003,83.440002,83.879997,81.92646,1758700
2017-08-15,83.75,84.080002,83.239998,83.68,81.731117,1907600
2017-08-16,83.309998,83.480003,82.760002,83.029999,81.780373,2138400
2017-08-17,82.669998,83.010002,80.889999,80.889999,79.672577,2359100
2017-08-18,80.800003,82.169998,80.730003,81.559998,80.332497,2288900
2017-08-21,81.410004,82.040001,81.139999,81.900002,80.667374,1686900
2017-08-22,82.120003,82.599998,81.989998,82.230003,80.992416,1709100
2017-08-23,81.970001,82.650002,81.879997,82.360001,81.120453,1159800
2017-08-24,82.059998,84.410004,82.059998,83.870003,82.607735,2463200
2017-08-25,84.300003,84.839996,83.370003,83.419998,82.164497,1778600
2017-08-28,84.110001,84.599998,83.519997,83.650002,82.391037,2285600
2017-08-29,83.5,83.989998,83.25,83.5,82.243301,1696800
2017-08-30,83.5,83.739998,82.949997,83.599998,82.341789,1853600
2017-08-31,83.970001,83.980003,83.120003,83.809998,82.54863,2446000
2017-09-01,83.870003,84.610001,83.190002,84.43,83.159302,2048800
2017-09-05,84.32,84.400002,82.660004,83.239998,81.987206,2491400
2017-09-06,83.639999,83.949997,83.18,83.360001,82.1054,1885900
2017-09-07,83.480003,84.199997,83.110001,84.040001,82.775169,1853200
2017-09-08,84.029999,85.110001,83.959999,84.699997,83.425232,1936700
2017-09-11,84.900002,85.419998,84.43,85.190002,83.90786,1508900
2017-09-12,85.199997,85.839996,85.080002,85.730003,84.439735,1567300
2017-09-13,85.889999,86.459999,85.519997,86.349998,85.0504,1748100
2017-09-14,86.18,86.760002,85.949997,86.239998,84.942055,2002600
2017-09-15,86.300003,87.82,86.290001,87.669998,86.35054,4363600
2017-09-18,87.610001,88.349998,87.5,88.309998,86.980904,1815900
2017-09-19,88.370003,89.309998,88.019997,89.089996,87.749161,1928600
2017-09-20,89.029999,89.510002,88.769997,89.07,87.729469,2279000
2017-09-21,88.900002,89.709999,88.800003,89.139999,87.798416,2035700
2017-09-22,89.139999,90.099998,89.019997,89.889999,88.537125,2036600
2017-09-25,89.970001,91.5,89.849998,91.010002,89.640266,2039700
2017-09-26,91.150002,91.68,90.910004,91.349998,89.975151,1986500
2017-09-27,91.389999,92.080002,90.580002,91.800003,90.418381,2468200
2017-09-28,91.980003,92.190002,91.290001,91.790001,90.408531,2197400
2017-09-29,91.660004,92.080002,91.349998,91.610001,90.231239,1947300
2017-10-02,91.360001,92.669998,91.209999,92.379997,90.989647,1929500
2017-10-03,93.800003,94.690002,93.25,93.629997,92.220833,2606100
2017-10-04,93.389999,93.709999,92.760002,93.43,92.023849,2214300
2017-10-05,93.529999,94.120003,93.099998,93.330002,91.925354,2046000
2017-10-06,92.769997,93.330002,92.410004,92.82,91.423027,1769400
2017-10-09,93.449997,93.760002,93.040001,93.32,91.915504,1238700
2017-10-10,93.660004,94,93.32,93.470001,92.06324,1109900
2017-10-11,93.470001,93.949997,92.919998,93.68,92.270088,1644300
2017-10-12,93.449997,94.459999,93.330002,94.339996,92.920151,1692800
2017-10-13,94.690002,95,94.220001,94.43,93.008797,1608600
2017-10-16,93.5,93.790001,90.699997,90.870003,89.50238,3563000
2017-10-17,90.690002,91.099998,90.400002,90.629997,89.265984,2398400
2017-10-18,90.739998,90.879997,89.900002,90.239998,88.881859,1942200
2017-10-19,89.709999,90.580002,89.260002,90.389999,89.029602,1899800
2017-10-20,90.790001,91.029999,90.389999,90.800003,89.433434,2109800
2017-10-23,90.889999,91.760002,90.699997,91.239998,89.866806,2036000
2017-10-24,91.279999,91.889999,90.669998,91.830002,90.447929,1425700
2017-10-25,91.82,92.349998,91.230003,91.709999,90.329735,2187400
2017-10-26,91.510002,92,90.800003,91.18,89.807709,1683300
2017-10-27,91.050003,92.080002,90.199997,91.989998,90.605515,2082900
2017-10-30,91.580002,92.32,90.989998,91.019997,89.650116,1922900
2017-10-31,90.940002,91.440002,90.290001,91.080002,89.709213,1442200
2017-11-01,91.029999,92.650002,90.919998,92.300003,90.910858,2152200
2017-11-02,92.209999,93.599998,91.910004,93.459999,92.053391,1822800
2017-11-03,93.330002,94.419998,93.059998,93.580002,92.171593,1868100
2017-11-06,93.589996,94.949997,93.290001,94.43,93.008797,1927100
2017-11-07,94.669998,94.870003,93.949997,94.57,93.14669,1370900
2017-11-08,94.519997,94.669998,94.019997,94.550003,93.126991,2035400
2017-11-09,93.610001,94.629997,93.610001,94.419998,92.998947,1532600
2017-11-10,94.309998,94.510002,93.32,93.660004,92.250389,1347800
2017-11-13,93.660004,94.209999,93.199997,93.32,91.915504,1264000
2017-11-14,92.589996,93.389999,92.389999,92.830002,91.432877,1774800
2017-11-15,92.199997,93.059998,91.449997,92.57,91.176796,1766000
2017-11-16,92,92.739998,91.540001,92.459999,91.762337,2197900
2017-11-17,92.239998,93.190002,91.970001,92.650002,91.950905,1340700
2017-11-20,92.489998,92.980003,92.150002,92.620003,91.921135,919600
2017-11-21,92.93,94.040001,92.860001,93.620003,92.913589,1509100
2017-11-22,93.669998,93.959999,92.699997,93.290001,92.586075,1414100
2017-11-24,93.330002,93.860001,93.290001,93.639999,92.933434,605700
2017-11-27,93.540001,93.639999,92.550003,92.809998,92.109695,2066200
2017-11-28,93.459999,94.220001,92.839996,94.050003,93.340347,1584200
2017-11-29,94.050003,95.040001,94.050003,94.910004,94.193855,2004100
2017-11-30,95,97.690002,94.919998,97.559998,96.823853,3332600
2017-12-01,97.980003,98.160004,95.349998,97.57,96.833786,2329600
2017-12-04,96.989998,99.349998,96.989998,97.529999,96.794083,1953800
2017-12-05,97.75,99.349998,97.540001,98.269997,97.528496,1820200
2017-12-06,98.120003,98.620003,97.290001,97.589996,96.85363,1612400
2017-12-07,97.5,98.290001,97.32,97.860001,97.121597,1485700
2017-12-08,98.519997,99.870003,98.199997,99.550003,98.798843,2360000
2017-12-11,99.370003,100.25,99.370003,99.720001,98.96756,1299500
2017-12-12,99.879997,100.129997,99,99.07,98.322464,1670400
2017-12-13,99.330002,100.389999,98.989998,99.989998,99.235519,1912700
2017-12-14,99.849998,100.459999,99.550003,99.550003,98.798843,1455900
2017-12-15,100,100.410004,99.580002,99.919998,99.166046,2957300
2017-12-18,99.919998,100.419998,99.669998,99.980003,99.225601,1833000
2017-12-19,100.040001,100.139999,99.07,99.139999,98.391937,1552300
2017-12-20,99.650002,100.980003,99.220001,100.720001,99.960014,2223100
2017-12-21,100.669998,100.839996,99.910004,100.080002,99.324844,2359900
2017-12-22,100.650002,101.279999,100.309998,100.889999,100.128731,1092600
2017-12-26,101.139999,101.809998,100.860001,101.639999,100.87307,900400
2017-12-27,101.809998,102.43,101.269997,102.059998,101.289902,1226000
2017-12-28,102.099998,102.160004,101.419998,101.959999,101.190659,1258300
2017-12-29,102.25,102.290001,101.150002,101.150002,100.386772,1267600
2018-01-02,101.660004,101.830002,101.07,101.75,100.982239,1222300
2018-01-03,101.449997,102.800003,101.410004,102.43,101.657112,1351700
2018-01-04,102.400002,102.720001,101.82,102.150002,101.379227,1110600
2018-01-05,102.199997,102.349998,101.639999,102.160004,101.389153,1752500
2018-01-08,102.5,102.5,101.459999,102.059998,101.289902,1236500
2018-01-09,101.900002,102.25,101.370003,101.720001,100.952469,1537000
2018-01-10,101.919998,102.410004,101.300003,102.080002,101.309753,977500
2018-01-11,102.620003,102.620003,101.510002,102.370003,101.597565,1358600
2018-01-12,102.540001,105.089996,102.5,104.970001,104.177948,1849300
2018-01-16,104.540001,104.889999,103.169998,103.5,102.71904,2601200
2018-01-17,103.949997,106.910004,103.830002,106.160004,105.358971,2333400
2018-01-18,106.43,106.43,104.550003,105.290001,104.495529,1514000
2018-01-19,105.529999,105.650002,104.82,105.629997,104.832962,1657500
2018-01-22,105.589996,106.82,105.389999,106.660004,105.855194,1348000
2018-01-23,106.900002,107.339996,106.559998,106.900002,106.093384,1436500
2018-01-24,107.220001,107.470001,103.800003,104.629997,103.840508,1945300
2018-01-25,105.010002,105.330002,103.970001,104.169998,103.38398,1864000
2018-01-26,104.620003,106.919998,104.519997,106.589996,105.785721,2645100
2018-01-29,106.120003,106.440002,103.949997,104.25,103.463379,2563500
2018-01-30,103.050003,103.690002,101.889999,102.279999,101.50824,2049800
2018-01-31,102.599998,102.949997,101.639999,102.400002,101.627342,3388700
2018-02-01,102.330002,102.989998,99.669998,100.860001,100.098961,3243600
2018-02-02,101.099998,101.099998,96.080002,97.010002,96.278008,4492300
2018-02-05,95.82,99.57,93.550003,95.209999,94.491592,4252500
2018-02-06,92.879997,97,92.699997,96.879997,96.148987,2894200
2018-02-07,96.82,98.089996,95.589996,95.610001,94.888573,2199700
2018-02-08,95.489998,95.519997,92.410004,92.440002,91.742493,2621100
2018-02-09,93.120003,94.129997,89.139999,92.599998,91.901283,2679300
2018-02-12,93.459999,94.769997,92.610001,93.589996,92.883812,1809000
2018-02-13,93.239998,94.290001,92.959999,93.760002,93.052536,1441200
2018-02-14,93.389999,93.809998,91.32,93.330002,92.625778,4091300
2018-02-15,93.980003,94.400002,91.620003,92.769997,92.07,2639600
2018-02-16,91.779999,92.919998,90.949997,91.989998,91.989998,2224800
2018-02-20,91.949997,92.580002,90.260002,90.989998,90.989998,2957100
2018-02-21,91.059998,91.529999,89.559998,89.580002,89.580002,2256700
2018-02-22,90.099998,91.199997,89.589996,90.129997,90.129997,2905600
2018-02-23,90.589996,91.860001,90.110001,91.830002,91.830002,2922000
2018-02-26,92.620003,93.230003,91.959999,92.519997,92.519997,3391100
2018-02-27,92.769997,93.75,92.099998,92.120003,92.120003,3183100
2018-02-28,92.949997,93.040001,90.339996,90.370003,90.370003,3233800
2018-03-01,90.540001,91.919998,89.5,90.870003,90.870003,3431900
2018-03-02,90.07,91.639999,89.790001,91.370003,91.370003,1903800
2018-03-05,91.019997,93.220001,90.669998,93.059998,93.059998,2953300
2018-03-06,93.550003,94.309998,92.75,93.93,93.93,2056500
2018-03-07,93.029999,95.040001,93.019997,94.220001,94.220001,1791400
2018-03-08,94.230003,95.230003,93.550003,95.190002,95.190002,2101300
2018-03-09,96,96.290001,95.43,95.910004,95.910004,1776400
2018-03-12,95.709999,96.25,94.889999,94.989998,94.989998,1310600
2018-03-13,95.110001,96.120003,94.110001,94.550003,94.550003,1735500
2018-03-14,94.839996,95.309998,94.010002,94.209999,94.209999,1607800
2018-03-15,94.639999,95.18,93.25,94.459999,94.459999,2688200
2018-03-16,94.610001,96.019997,94.580002,95.790001,95.790001,3193400
2018-03-19,95.139999,95.449997,93.889999,94.400002,94.400002,1778400
2018-03-20,94.68,95.900002,94.580002,95.099998,95.099998,2011800
2018-03-21,95.339996,96.980003,95.199997,96.150002,96.150002,1623300
2018-03-22,95.230003,96.220001,94.5,94.699997,94.699997,1401500
2018-03-23,95.120003,96.169998,93.080002,93.389999,93.389999,1743600
2018-03-26,94.730003,96.110001,93.989998,96,96,1618800
2018-03-27,96.330002,97.290001,95.129997,95.709999,95.709999,1533100
2018-03-28,95.769997,96.57,94.209999,94.330002,94.330002,2399200
2018-03-29,94.93,96.5,94.870003,95.919998,95.919998,1553000
2018-04-02,95.830002,96.209999,93.379997,94.949997,94.949997,1677600
2018-04-03,95.400002,96.300003,94.779999,96.18,96.18,1511100
2018-04-04,94.989998,96.230003,92.68,95.989998,95.989998,2492100
2018-04-05,96.75,98.260002,96.260002,97.769997,97.769997,1856800
2018-04-06,97.459999,97.889999,95.919998,96.970001,96.970001,2596300
2018-04-09,97.330002,98.690002,97,97.739998,97.739998,1401200
2018-04-10,99.110001,100.860001,98.870003,100.25,100.25,1825300
2018-04-11,99.949997,102.919998,99.949997,102.550003,102.550003,2247500
2018-04-12,102.779999,103.279999,101.900002,102.629997,102.629997,2031600
2018-04-13,103.279999,104.190002,102.709999,103.739998,103.739998,1496600
2018-04-16,104.269997,107.239998,104.169998,106.82,106.82,2142000
2018-04-17,107.339996,108.290001,106.440002,107.860001,107.860001,2087300
2018-04-18,108.339996,110.089996,108.309998,108.889999,108.889999,2488400
2018-04-19,109.059998,110.849998,108.199997,110.639999,110.639999,3075300
2018-04-20,110.410004,111.309998,109.730003,110.989998,110.989998,3155400
2018-04-23,110.980003,111.470001,109.790001,111.449997,111.449997,1955700
4/24/2018,111.949997,113.269997,108.809998,109.230003,109.230003,3092402
